<annotation>
	<folder>my-project-name</folder>
	<filename>100-5-10--48.png</filename>
	<path>/my-project-name/100-5-10--48.png</path>
	<source>
		<database>Unspecified</database>
	</source>
	<size>
		<width>861</width>
		<height>531</height>
		<depth>3</depth>
	</size>
	<object>
		<name>ArUco</name>
		<pose>Unspecified</pose>
		<truncated>Unspecified</truncated>
		<difficult>Unspecified</difficult>
		<bndbox>
			<xmin>121</xmin>
			<ymin>152</ymin>
			<xmax>347</xmax>
			<ymax>385</ymax>
		</bndbox>
	</object>
</annotation>