<annotation>
	<folder>my-project-name</folder>
	<filename>102--29--27-38.png</filename>
	<path>/my-project-name/102--29--27-38.png</path>
	<source>
		<database>Unspecified</database>
	</source>
	<size>
		<width>861</width>
		<height>531</height>
		<depth>3</depth>
	</size>
	<object>
		<name>ArUco</name>
		<pose>Unspecified</pose>
		<truncated>Unspecified</truncated>
		<difficult>Unspecified</difficult>
		<bndbox>
			<xmin>179</xmin>
			<ymin>220</ymin>
			<xmax>376</xmax>
			<ymax>420</ymax>
		</bndbox>
	</object>
</annotation>