<annotation>
	<folder>my-project-name</folder>
	<filename>103-27-7--49.png</filename>
	<path>/my-project-name/103-27-7--49.png</path>
	<source>
		<database>Unspecified</database>
	</source>
	<size>
		<width>861</width>
		<height>531</height>
		<depth>3</depth>
	</size>
	<object>
		<name>ArUco</name>
		<pose>Unspecified</pose>
		<truncated>Unspecified</truncated>
		<difficult>Unspecified</difficult>
		<bndbox>
			<xmin>180</xmin>
			<ymin>159</ymin>
			<xmax>449</xmax>
			<ymax>408</ymax>
		</bndbox>
	</object>
</annotation>