<annotation>
	<folder>my-project-name</folder>
	<filename>106--50--32--28.png</filename>
	<path>/my-project-name/106--50--32--28.png</path>
	<source>
		<database>Unspecified</database>
	</source>
	<size>
		<width>861</width>
		<height>531</height>
		<depth>3</depth>
	</size>
	<object>
		<name>QR</name>
		<pose>Unspecified</pose>
		<truncated>Unspecified</truncated>
		<difficult>Unspecified</difficult>
		<bndbox>
			<xmin>261</xmin>
			<ymin>214</ymin>
			<xmax>535</xmax>
			<ymax>397</ymax>
		</bndbox>
	</object>
</annotation>