<annotation>
	<folder>my-project-name</folder>
	<filename>107--40--21-47.png</filename>
	<path>/my-project-name/107--40--21-47.png</path>
	<source>
		<database>Unspecified</database>
	</source>
	<size>
		<width>861</width>
		<height>531</height>
		<depth>3</depth>
	</size>
	<object>
		<name>QR</name>
		<pose>Unspecified</pose>
		<truncated>Unspecified</truncated>
		<difficult>Unspecified</difficult>
		<bndbox>
			<xmin>127</xmin>
			<ymin>165</ymin>
			<xmax>475</xmax>
			<ymax>451</ymax>
		</bndbox>
	</object>
</annotation>