<annotation>
	<folder>my-project-name</folder>
	<filename>108--12--39-5.png</filename>
	<path>/my-project-name/108--12--39-5.png</path>
	<source>
		<database>Unspecified</database>
	</source>
	<size>
		<width>861</width>
		<height>531</height>
		<depth>3</depth>
	</size>
	<object>
		<name>ArUco</name>
		<pose>Unspecified</pose>
		<truncated>Unspecified</truncated>
		<difficult>Unspecified</difficult>
		<bndbox>
			<xmin>359</xmin>
			<ymin>230</ymin>
			<xmax>615</xmax>
			<ymax>530</ymax>
		</bndbox>
	</object>
</annotation>