<annotation>
	<folder>my-project-name</folder>
	<filename>11--27--37--7.png</filename>
	<path>/my-project-name/11--27--37--7.png</path>
	<source>
		<database>Unspecified</database>
	</source>
	<size>
		<width>861</width>
		<height>531</height>
		<depth>3</depth>
	</size>
	<object>
		<name>QR</name>
		<pose>Unspecified</pose>
		<truncated>Unspecified</truncated>
		<difficult>Unspecified</difficult>
		<bndbox>
			<xmin>465</xmin>
			<ymin>187</ymin>
			<xmax>649</xmax>
			<ymax>352</ymax>
		</bndbox>
	</object>
</annotation>