<annotation>
	<folder>my-project-name</folder>
	<filename>110-30--30-32.png</filename>
	<path>/my-project-name/110-30--30-32.png</path>
	<source>
		<database>Unspecified</database>
	</source>
	<size>
		<width>861</width>
		<height>531</height>
		<depth>3</depth>
	</size>
	<object>
		<name>ArUco</name>
		<pose>Unspecified</pose>
		<truncated>Unspecified</truncated>
		<difficult>Unspecified</difficult>
		<bndbox>
			<xmin>316</xmin>
			<ymin>226</ymin>
			<xmax>633</xmax>
			<ymax>522</ymax>
		</bndbox>
	</object>
</annotation>