<annotation>
	<folder>my-project-name</folder>
	<filename>111--10-0-49.png</filename>
	<path>/my-project-name/111--10-0-49.png</path>
	<source>
		<database>Unspecified</database>
	</source>
	<size>
		<width>861</width>
		<height>531</height>
		<depth>3</depth>
	</size>
	<object>
		<name>ArUco</name>
		<pose>Unspecified</pose>
		<truncated>Unspecified</truncated>
		<difficult>Unspecified</difficult>
		<bndbox>
			<xmin>72</xmin>
			<ymin>17</ymin>
			<xmax>495</xmax>
			<ymax>438</ymax>
		</bndbox>
	</object>
</annotation>