<annotation>
	<folder>my-project-name</folder>
	<filename>112--10--39--14.png</filename>
	<path>/my-project-name/112--10--39--14.png</path>
	<source>
		<database>Unspecified</database>
	</source>
	<size>
		<width>861</width>
		<height>531</height>
		<depth>3</depth>
	</size>
	<object>
		<name>ArUco</name>
		<pose>Unspecified</pose>
		<truncated>Unspecified</truncated>
		<difficult>Unspecified</difficult>
		<bndbox>
			<xmin>448</xmin>
			<ymin>228</ymin>
			<xmax>676</xmax>
			<ymax>489</ymax>
		</bndbox>
	</object>
</annotation>