<annotation>
	<folder>my-project-name</folder>
	<filename>113-7-41-46.png</filename>
	<path>/my-project-name/113-7-41-46.png</path>
	<source>
		<database>Unspecified</database>
	</source>
	<size>
		<width>861</width>
		<height>531</height>
		<depth>3</depth>
	</size>
	<object>
		<name>ArUco</name>
		<pose>Unspecified</pose>
		<truncated>Unspecified</truncated>
		<difficult>Unspecified</difficult>
		<bndbox>
			<xmin>485</xmin>
			<ymin>232</ymin>
			<xmax>707</xmax>
			<ymax>527</ymax>
		</bndbox>
	</object>
</annotation>