<annotation>
	<folder>my-project-name</folder>
	<filename>114-6--47-17.png</filename>
	<path>/my-project-name/114-6--47-17.png</path>
	<source>
		<database>Unspecified</database>
	</source>
	<size>
		<width>861</width>
		<height>531</height>
		<depth>3</depth>
	</size>
	<object>
		<name>QR</name>
		<pose>Unspecified</pose>
		<truncated>Unspecified</truncated>
		<difficult>Unspecified</difficult>
		<bndbox>
			<xmin>491</xmin>
			<ymin>42</ymin>
			<xmax>721</xmax>
			<ymax>358</ymax>
		</bndbox>
	</object>
</annotation>