<annotation>
	<folder>my-project-name</folder>
	<filename>117--37-31-37.png</filename>
	<path>/my-project-name/117--37-31-37.png</path>
	<source>
		<database>Unspecified</database>
	</source>
	<size>
		<width>861</width>
		<height>531</height>
		<depth>3</depth>
	</size>
	<object>
		<name>ArUco</name>
		<pose>Unspecified</pose>
		<truncated>Unspecified</truncated>
		<difficult>Unspecified</difficult>
		<bndbox>
			<xmin>155</xmin>
			<ymin>51</ymin>
			<xmax>484</xmax>
			<ymax>346</ymax>
		</bndbox>
	</object>
</annotation>