<annotation>
	<folder>my-project-name</folder>
	<filename>118-17-12-49.png</filename>
	<path>/my-project-name/118-17-12-49.png</path>
	<source>
		<database>Unspecified</database>
	</source>
	<size>
		<width>861</width>
		<height>531</height>
		<depth>3</depth>
	</size>
	<object>
		<name>QR</name>
		<pose>Unspecified</pose>
		<truncated>Unspecified</truncated>
		<difficult>Unspecified</difficult>
		<bndbox>
			<xmin>478</xmin>
			<ymin>47</ymin>
			<xmax>665</xmax>
			<ymax>233</ymax>
		</bndbox>
	</object>
</annotation>