<annotation>
	<folder>my-project-name</folder>
	<filename>119-49-6-25.png</filename>
	<path>/my-project-name/119-49-6-25.png</path>
	<source>
		<database>Unspecified</database>
	</source>
	<size>
		<width>861</width>
		<height>531</height>
		<depth>3</depth>
	</size>
	<object>
		<name>ArUco</name>
		<pose>Unspecified</pose>
		<truncated>Unspecified</truncated>
		<difficult>Unspecified</difficult>
		<bndbox>
			<xmin>132</xmin>
			<ymin>169</ymin>
			<xmax>348</xmax>
			<ymax>320</ymax>
		</bndbox>
	</object>
</annotation>