<annotation>
	<folder>my-project-name</folder>
	<filename>12--2-31-25.png</filename>
	<path>/my-project-name/12--2-31-25.png</path>
	<source>
		<database>Unspecified</database>
	</source>
	<size>
		<width>861</width>
		<height>531</height>
		<depth>3</depth>
	</size>
	<object>
		<name>ArUco</name>
		<pose>Unspecified</pose>
		<truncated>Unspecified</truncated>
		<difficult>Unspecified</difficult>
		<bndbox>
			<xmin>482</xmin>
			<ymin>34</ymin>
			<xmax>764</xmax>
			<ymax>360</ymax>
		</bndbox>
	</object>
</annotation>