<annotation>
	<folder>my-project-name</folder>
	<filename>120--37--36-15.png</filename>
	<path>/my-project-name/120--37--36-15.png</path>
	<source>
		<database>Unspecified</database>
	</source>
	<size>
		<width>861</width>
		<height>531</height>
		<depth>3</depth>
	</size>
	<object>
		<name>QR</name>
		<pose>Unspecified</pose>
		<truncated>Unspecified</truncated>
		<difficult>Unspecified</difficult>
		<bndbox>
			<xmin>170</xmin>
			<ymin>296</ymin>
			<xmax>314</xmax>
			<ymax>429</ymax>
		</bndbox>
	</object>
</annotation>