<annotation>
	<folder>my-project-name</folder>
	<filename>121-34-10--43.png</filename>
	<path>/my-project-name/121-34-10--43.png</path>
	<source>
		<database>Unspecified</database>
	</source>
	<size>
		<width>861</width>
		<height>531</height>
		<depth>3</depth>
	</size>
	<object>
		<name>QR</name>
		<pose>Unspecified</pose>
		<truncated>Unspecified</truncated>
		<difficult>Unspecified</difficult>
		<bndbox>
			<xmin>205</xmin>
			<ymin>58</ymin>
			<xmax>513</xmax>
			<ymax>321</ymax>
		</bndbox>
	</object>
</annotation>