<annotation>
	<folder>my-project-name</folder>
	<filename>122-6-25-26.png</filename>
	<path>/my-project-name/122-6-25-26.png</path>
	<source>
		<database>Unspecified</database>
	</source>
	<size>
		<width>861</width>
		<height>531</height>
		<depth>3</depth>
	</size>
	<object>
		<name>ArUco</name>
		<pose>Unspecified</pose>
		<truncated>Unspecified</truncated>
		<difficult>Unspecified</difficult>
		<bndbox>
			<xmin>76</xmin>
			<ymin>1</ymin>
			<xmax>422</xmax>
			<ymax>380</ymax>
		</bndbox>
	</object>
</annotation>