<annotation>
	<folder>my-project-name</folder>
	<filename>123--6-44--32.png</filename>
	<path>/my-project-name/123--6-44--32.png</path>
	<source>
		<database>Unspecified</database>
	</source>
	<size>
		<width>861</width>
		<height>531</height>
		<depth>3</depth>
	</size>
	<object>
		<name>ArUco</name>
		<pose>Unspecified</pose>
		<truncated>Unspecified</truncated>
		<difficult>Unspecified</difficult>
		<bndbox>
			<xmin>359</xmin>
			<ymin>68</ymin>
			<xmax>605</xmax>
			<ymax>409</ymax>
		</bndbox>
	</object>
</annotation>