<annotation>
	<folder>my-project-name</folder>
	<filename>125--8-47--22.png</filename>
	<path>/my-project-name/125--8-47--22.png</path>
	<source>
		<database>Unspecified</database>
	</source>
	<size>
		<width>861</width>
		<height>531</height>
		<depth>3</depth>
	</size>
	<object>
		<name>QR</name>
		<pose>Unspecified</pose>
		<truncated>Unspecified</truncated>
		<difficult>Unspecified</difficult>
		<bndbox>
			<xmin>395</xmin>
			<ymin>204</ymin>
			<xmax>618</xmax>
			<ymax>531</ymax>
		</bndbox>
	</object>
</annotation>