<annotation>
	<folder>my-project-name</folder>
	<filename>126--42--41--37.png</filename>
	<path>/my-project-name/126--42--41--37.png</path>
	<source>
		<database>Unspecified</database>
	</source>
	<size>
		<width>861</width>
		<height>531</height>
		<depth>3</depth>
	</size>
	<object>
		<name>ArUco</name>
		<pose>Unspecified</pose>
		<truncated>Unspecified</truncated>
		<difficult>Unspecified</difficult>
		<bndbox>
			<xmin>507</xmin>
			<ymin>94</ymin>
			<xmax>707</xmax>
			<ymax>281</ymax>
		</bndbox>
	</object>
</annotation>