<annotation>
	<folder>my-project-name</folder>
	<filename>127-23-15-29.png</filename>
	<path>/my-project-name/127-23-15-29.png</path>
	<source>
		<database>Unspecified</database>
	</source>
	<size>
		<width>861</width>
		<height>531</height>
		<depth>3</depth>
	</size>
	<object>
		<name>QR</name>
		<pose>Unspecified</pose>
		<truncated>Unspecified</truncated>
		<difficult>Unspecified</difficult>
		<bndbox>
			<xmin>499</xmin>
			<ymin>191</ymin>
			<xmax>672</xmax>
			<ymax>365</ymax>
		</bndbox>
	</object>
</annotation>