<annotation>
	<folder>my-project-name</folder>
	<filename>128--16--36-30.png</filename>
	<path>/my-project-name/128--16--36-30.png</path>
	<source>
		<database>Unspecified</database>
	</source>
	<size>
		<width>861</width>
		<height>531</height>
		<depth>3</depth>
	</size>
	<object>
		<name>QR</name>
		<pose>Unspecified</pose>
		<truncated>Unspecified</truncated>
		<difficult>Unspecified</difficult>
		<bndbox>
			<xmin>272</xmin>
			<ymin>3</ymin>
			<xmax>515</xmax>
			<ymax>297</ymax>
		</bndbox>
	</object>
</annotation>