<annotation>
	<folder>my-project-name</folder>
	<filename>132-5-34-2.png</filename>
	<path>/my-project-name/132-5-34-2.png</path>
	<source>
		<database>Unspecified</database>
	</source>
	<size>
		<width>861</width>
		<height>531</height>
		<depth>3</depth>
	</size>
	<object>
		<name>ArUco</name>
		<pose>Unspecified</pose>
		<truncated>Unspecified</truncated>
		<difficult>Unspecified</difficult>
		<bndbox>
			<xmin>175</xmin>
			<ymin>53</ymin>
			<xmax>411</xmax>
			<ymax>334</ymax>
		</bndbox>
	</object>
</annotation>