<annotation>
	<folder>my-project-name</folder>
	<filename>134--19-32--44.png</filename>
	<path>/my-project-name/134--19-32--44.png</path>
	<source>
		<database>Unspecified</database>
	</source>
	<size>
		<width>861</width>
		<height>531</height>
		<depth>3</depth>
	</size>
	<object>
		<name>ArUco</name>
		<pose>Unspecified</pose>
		<truncated>Unspecified</truncated>
		<difficult>Unspecified</difficult>
		<bndbox>
			<xmin>293</xmin>
			<ymin>73</ymin>
			<xmax>630</xmax>
			<ymax>448</ymax>
		</bndbox>
	</object>
</annotation>