<annotation>
	<folder>my-project-name</folder>
	<filename>135-16--21-1.png</filename>
	<path>/my-project-name/135-16--21-1.png</path>
	<source>
		<database>Unspecified</database>
	</source>
	<size>
		<width>861</width>
		<height>531</height>
		<depth>3</depth>
	</size>
	<object>
		<name>ArUco</name>
		<pose>Unspecified</pose>
		<truncated>Unspecified</truncated>
		<difficult>Unspecified</difficult>
		<bndbox>
			<xmin>157</xmin>
			<ymin>195</ymin>
			<xmax>333</xmax>
			<ymax>352</ymax>
		</bndbox>
	</object>
</annotation>