<annotation>
	<folder>my-project-name</folder>
	<filename>136--19-29-20.png</filename>
	<path>/my-project-name/136--19-29-20.png</path>
	<source>
		<database>Unspecified</database>
	</source>
	<size>
		<width>861</width>
		<height>531</height>
		<depth>3</depth>
	</size>
	<object>
		<name>ArUco</name>
		<pose>Unspecified</pose>
		<truncated>Unspecified</truncated>
		<difficult>Unspecified</difficult>
		<bndbox>
			<xmin>377</xmin>
			<ymin>297</ymin>
			<xmax>576</xmax>
			<ymax>486</ymax>
		</bndbox>
	</object>
</annotation>