<annotation>
	<folder>my-project-name</folder>
	<filename>137-28-24-14.png</filename>
	<path>/my-project-name/137-28-24-14.png</path>
	<source>
		<database>Unspecified</database>
	</source>
	<size>
		<width>861</width>
		<height>531</height>
		<depth>3</depth>
	</size>
	<object>
		<name>ArUco</name>
		<pose>Unspecified</pose>
		<truncated>Unspecified</truncated>
		<difficult>Unspecified</difficult>
		<bndbox>
			<xmin>304</xmin>
			<ymin>127</ymin>
			<xmax>628</xmax>
			<ymax>447</ymax>
		</bndbox>
	</object>
</annotation>