<annotation>
	<folder>my-project-name</folder>
	<filename>140--17--7--37.png</filename>
	<path>/my-project-name/140--17--7--37.png</path>
	<source>
		<database>Unspecified</database>
	</source>
	<size>
		<width>861</width>
		<height>531</height>
		<depth>3</depth>
	</size>
	<object>
		<name>QR</name>
		<pose>Unspecified</pose>
		<truncated>Unspecified</truncated>
		<difficult>Unspecified</difficult>
		<bndbox>
			<xmin>113</xmin>
			<ymin>86</ymin>
			<xmax>392</xmax>
			<ymax>352</ymax>
		</bndbox>
	</object>
</annotation>