<annotation>
	<folder>my-project-name</folder>
	<filename>142-43-29--25.png</filename>
	<path>/my-project-name/142-43-29--25.png</path>
	<source>
		<database>Unspecified</database>
	</source>
	<size>
		<width>861</width>
		<height>531</height>
		<depth>3</depth>
	</size>
	<object>
		<name>QR</name>
		<pose>Unspecified</pose>
		<truncated>Unspecified</truncated>
		<difficult>Unspecified</difficult>
		<bndbox>
			<xmin>216</xmin>
			<ymin>40</ymin>
			<xmax>572</xmax>
			<ymax>303</ymax>
		</bndbox>
	</object>
</annotation>