<annotation>
	<folder>my-project-name</folder>
	<filename>143-4-22-24.png</filename>
	<path>/my-project-name/143-4-22-24.png</path>
	<source>
		<database>Unspecified</database>
	</source>
	<size>
		<width>861</width>
		<height>531</height>
		<depth>3</depth>
	</size>
	<object>
		<name>ArUco</name>
		<pose>Unspecified</pose>
		<truncated>Unspecified</truncated>
		<difficult>Unspecified</difficult>
		<bndbox>
			<xmin>389</xmin>
			<ymin>152</ymin>
			<xmax>663</xmax>
			<ymax>453</ymax>
		</bndbox>
	</object>
</annotation>