<annotation>
	<folder>my-project-name</folder>
	<filename>145-18-17-31.png</filename>
	<path>/my-project-name/145-18-17-31.png</path>
	<source>
		<database>Unspecified</database>
	</source>
	<size>
		<width>861</width>
		<height>531</height>
		<depth>3</depth>
	</size>
	<object>
		<name>QR</name>
		<pose>Unspecified</pose>
		<truncated>Unspecified</truncated>
		<difficult>Unspecified</difficult>
		<bndbox>
			<xmin>155</xmin>
			<ymin>181</ymin>
			<xmax>513</xmax>
			<ymax>486</ymax>
		</bndbox>
	</object>
</annotation>