<annotation>
	<folder>my-project-name</folder>
	<filename>146--32-29--5.png</filename>
	<path>/my-project-name/146--32-29--5.png</path>
	<source>
		<database>Unspecified</database>
	</source>
	<size>
		<width>861</width>
		<height>531</height>
		<depth>3</depth>
	</size>
	<object>
		<name>QR</name>
		<pose>Unspecified</pose>
		<truncated>Unspecified</truncated>
		<difficult>Unspecified</difficult>
		<bndbox>
			<xmin>296</xmin>
			<ymin>148</ymin>
			<xmax>596</xmax>
			<ymax>409</ymax>
		</bndbox>
	</object>
</annotation>