<annotation>
	<folder>my-project-name</folder>
	<filename>147--26-6-1.png</filename>
	<path>/my-project-name/147--26-6-1.png</path>
	<source>
		<database>Unspecified</database>
	</source>
	<size>
		<width>861</width>
		<height>531</height>
		<depth>3</depth>
	</size>
	<object>
		<name>ArUco</name>
		<pose>Unspecified</pose>
		<truncated>Unspecified</truncated>
		<difficult>Unspecified</difficult>
		<bndbox>
			<xmin>111</xmin>
			<ymin>224</ymin>
			<xmax>376</xmax>
			<ymax>445</ymax>
		</bndbox>
	</object>
</annotation>