<annotation>
	<folder>my-project-name</folder>
	<filename>149--29--5-11.png</filename>
	<path>/my-project-name/149--29--5-11.png</path>
	<source>
		<database>Unspecified</database>
	</source>
	<size>
		<width>861</width>
		<height>531</height>
		<depth>3</depth>
	</size>
	<object>
		<name>QR</name>
		<pose>Unspecified</pose>
		<truncated>Unspecified</truncated>
		<difficult>Unspecified</difficult>
		<bndbox>
			<xmin>130</xmin>
			<ymin>294</ymin>
			<xmax>336</xmax>
			<ymax>480</ymax>
		</bndbox>
	</object>
</annotation>