<annotation>
	<folder>my-project-name</folder>
	<filename>151--25--2--38.png</filename>
	<path>/my-project-name/151--25--2--38.png</path>
	<source>
		<database>Unspecified</database>
	</source>
	<size>
		<width>861</width>
		<height>531</height>
		<depth>3</depth>
	</size>
	<object>
		<name>ArUco</name>
		<pose>Unspecified</pose>
		<truncated>Unspecified</truncated>
		<difficult>Unspecified</difficult>
		<bndbox>
			<xmin>426</xmin>
			<ymin>51</ymin>
			<xmax>721</xmax>
			<ymax>318</ymax>
		</bndbox>
	</object>
</annotation>