<annotation>
	<folder>my-project-name</folder>
	<filename>152--10-22--42.png</filename>
	<path>/my-project-name/152--10-22--42.png</path>
	<source>
		<database>Unspecified</database>
	</source>
	<size>
		<width>861</width>
		<height>531</height>
		<depth>3</depth>
	</size>
	<object>
		<name>ArUco</name>
		<pose>Unspecified</pose>
		<truncated>Unspecified</truncated>
		<difficult>Unspecified</difficult>
		<bndbox>
			<xmin>211</xmin>
			<ymin>98</ymin>
			<xmax>519</xmax>
			<ymax>425</ymax>
		</bndbox>
	</object>
</annotation>