<annotation>
	<folder>my-project-name</folder>
	<filename>153-38--4--24.png</filename>
	<path>/my-project-name/153-38--4--24.png</path>
	<source>
		<database>Unspecified</database>
	</source>
	<size>
		<width>861</width>
		<height>531</height>
		<depth>3</depth>
	</size>
	<object>
		<name>ArUco</name>
		<pose>Unspecified</pose>
		<truncated>Unspecified</truncated>
		<difficult>Unspecified</difficult>
		<bndbox>
			<xmin>217</xmin>
			<ymin>9</ymin>
			<xmax>585</xmax>
			<ymax>301</ymax>
		</bndbox>
	</object>
</annotation>