<annotation>
	<folder>my-project-name</folder>
	<filename>154-48--49-31.png</filename>
	<path>/my-project-name/154-48--49-31.png</path>
	<source>
		<database>Unspecified</database>
	</source>
	<size>
		<width>861</width>
		<height>531</height>
		<depth>3</depth>
	</size>
	<object>
		<name>ArUco</name>
		<pose>Unspecified</pose>
		<truncated>Unspecified</truncated>
		<difficult>Unspecified</difficult>
		<bndbox>
			<xmin>323</xmin>
			<ymin>266</ymin>
			<xmax>581</xmax>
			<ymax>487</ymax>
		</bndbox>
	</object>
</annotation>