<annotation>
	<folder>my-project-name</folder>
	<filename>157--44--49-31.png</filename>
	<path>/my-project-name/157--44--49-31.png</path>
	<source>
		<database>Unspecified</database>
	</source>
	<size>
		<width>861</width>
		<height>531</height>
		<depth>3</depth>
	</size>
	<object>
		<name>QR</name>
		<pose>Unspecified</pose>
		<truncated>Unspecified</truncated>
		<difficult>Unspecified</difficult>
		<bndbox>
			<xmin>302</xmin>
			<ymin>235</ymin>
			<xmax>602</xmax>
			<ymax>527</ymax>
		</bndbox>
	</object>
</annotation>