<annotation>
	<folder>my-project-name</folder>
	<filename>158--37-12-5.png</filename>
	<path>/my-project-name/158--37-12-5.png</path>
	<source>
		<database>Unspecified</database>
	</source>
	<size>
		<width>861</width>
		<height>531</height>
		<depth>3</depth>
	</size>
	<object>
		<name>ArUco</name>
		<pose>Unspecified</pose>
		<truncated>Unspecified</truncated>
		<difficult>Unspecified</difficult>
		<bndbox>
			<xmin>237</xmin>
			<ymin>56</ymin>
			<xmax>574</xmax>
			<ymax>299</ymax>
		</bndbox>
	</object>
</annotation>