<annotation>
	<folder>my-project-name</folder>
	<filename>159--21-8-46.png</filename>
	<path>/my-project-name/159--21-8-46.png</path>
	<source>
		<database>Unspecified</database>
	</source>
	<size>
		<width>861</width>
		<height>531</height>
		<depth>3</depth>
	</size>
	<object>
		<name>QR</name>
		<pose>Unspecified</pose>
		<truncated>Unspecified</truncated>
		<difficult>Unspecified</difficult>
		<bndbox>
			<xmin>452</xmin>
			<ymin>185</ymin>
			<xmax>706</xmax>
			<ymax>417</ymax>
		</bndbox>
	</object>
</annotation>