<annotation>
	<folder>my-project-name</folder>
	<filename>16-47-19--28.png</filename>
	<path>/my-project-name/16-47-19--28.png</path>
	<source>
		<database>Unspecified</database>
	</source>
	<size>
		<width>861</width>
		<height>531</height>
		<depth>3</depth>
	</size>
	<object>
		<name>ArUco</name>
		<pose>Unspecified</pose>
		<truncated>Unspecified</truncated>
		<difficult>Unspecified</difficult>
		<bndbox>
			<xmin>334</xmin>
			<ymin>119</ymin>
			<xmax>579</xmax>
			<ymax>295</ymax>
		</bndbox>
	</object>
</annotation>