<annotation>
	<folder>my-project-name</folder>
	<filename>160--10-42--1.png</filename>
	<path>/my-project-name/160--10-42--1.png</path>
	<source>
		<database>Unspecified</database>
	</source>
	<size>
		<width>861</width>
		<height>531</height>
		<depth>3</depth>
	</size>
	<object>
		<name>QR</name>
		<pose>Unspecified</pose>
		<truncated>Unspecified</truncated>
		<difficult>Unspecified</difficult>
		<bndbox>
			<xmin>146</xmin>
			<ymin>27</ymin>
			<xmax>339</xmax>
			<ymax>256</ymax>
		</bndbox>
	</object>
</annotation>