<annotation>
	<folder>my-project-name</folder>
	<filename>161-17--18-28.png</filename>
	<path>/my-project-name/161-17--18-28.png</path>
	<source>
		<database>Unspecified</database>
	</source>
	<size>
		<width>861</width>
		<height>531</height>
		<depth>3</depth>
	</size>
	<object>
		<name>ArUco</name>
		<pose>Unspecified</pose>
		<truncated>Unspecified</truncated>
		<difficult>Unspecified</difficult>
		<bndbox>
			<xmin>348</xmin>
			<ymin>45</ymin>
			<xmax>633</xmax>
			<ymax>320</ymax>
		</bndbox>
	</object>
</annotation>