<annotation>
	<folder>my-project-name</folder>
	<filename>162--25-44--10.png</filename>
	<path>/my-project-name/162--25-44--10.png</path>
	<source>
		<database>Unspecified</database>
	</source>
	<size>
		<width>861</width>
		<height>531</height>
		<depth>3</depth>
	</size>
	<object>
		<name>QR</name>
		<pose>Unspecified</pose>
		<truncated>Unspecified</truncated>
		<difficult>Unspecified</difficult>
		<bndbox>
			<xmin>423</xmin>
			<ymin>256</ymin>
			<xmax>628</xmax>
			<ymax>491</ymax>
		</bndbox>
	</object>
</annotation>