<annotation>
	<folder>my-project-name</folder>
	<filename>165--22--38--43.png</filename>
	<path>/my-project-name/165--22--38--43.png</path>
	<source>
		<database>Unspecified</database>
	</source>
	<size>
		<width>861</width>
		<height>531</height>
		<depth>3</depth>
	</size>
	<object>
		<name>QR</name>
		<pose>Unspecified</pose>
		<truncated>Unspecified</truncated>
		<difficult>Unspecified</difficult>
		<bndbox>
			<xmin>392</xmin>
			<ymin>90</ymin>
			<xmax>693</xmax>
			<ymax>442</ymax>
		</bndbox>
	</object>
</annotation>