<annotation>
	<folder>my-project-name</folder>
	<filename>166-23--38-41.png</filename>
	<path>/my-project-name/166-23--38-41.png</path>
	<source>
		<database>Unspecified</database>
	</source>
	<size>
		<width>861</width>
		<height>531</height>
		<depth>3</depth>
	</size>
	<object>
		<name>ArUco</name>
		<pose>Unspecified</pose>
		<truncated>Unspecified</truncated>
		<difficult>Unspecified</difficult>
		<bndbox>
			<xmin>375</xmin>
			<ymin>111</ymin>
			<xmax>692</xmax>
			<ymax>469</ymax>
		</bndbox>
	</object>
</annotation>