<annotation>
	<folder>my-project-name</folder>
	<filename>169--49--22-16.png</filename>
	<path>/my-project-name/169--49--22-16.png</path>
	<source>
		<database>Unspecified</database>
	</source>
	<size>
		<width>861</width>
		<height>531</height>
		<depth>3</depth>
	</size>
	<object>
		<name>QR</name>
		<pose>Unspecified</pose>
		<truncated>Unspecified</truncated>
		<difficult>Unspecified</difficult>
		<bndbox>
			<xmin>154</xmin>
			<ymin>42</ymin>
			<xmax>428</xmax>
			<ymax>259</ymax>
		</bndbox>
	</object>
</annotation>