<annotation>
	<folder>my-project-name</folder>
	<filename>17--23--44-2.png</filename>
	<path>/my-project-name/17--23--44-2.png</path>
	<source>
		<database>Unspecified</database>
	</source>
	<size>
		<width>861</width>
		<height>531</height>
		<depth>3</depth>
	</size>
	<object>
		<name>ArUco</name>
		<pose>Unspecified</pose>
		<truncated>Unspecified</truncated>
		<difficult>Unspecified</difficult>
		<bndbox>
			<xmin>367</xmin>
			<ymin>207</ymin>
			<xmax>597</xmax>
			<ymax>426</ymax>
		</bndbox>
	</object>
</annotation>