<annotation>
	<folder>my-project-name</folder>
	<filename>170--40-36-7.png</filename>
	<path>/my-project-name/170--40-36-7.png</path>
	<source>
		<database>Unspecified</database>
	</source>
	<size>
		<width>861</width>
		<height>531</height>
		<depth>3</depth>
	</size>
	<object>
		<name>ArUco</name>
		<pose>Unspecified</pose>
		<truncated>Unspecified</truncated>
		<difficult>Unspecified</difficult>
		<bndbox>
			<xmin>485</xmin>
			<ymin>229</ymin>
			<xmax>680</xmax>
			<ymax>365</ymax>
		</bndbox>
	</object>
</annotation>