<annotation>
	<folder>my-project-name</folder>
	<filename>171--25--19-37.png</filename>
	<path>/my-project-name/171--25--19-37.png</path>
	<source>
		<database>Unspecified</database>
	</source>
	<size>
		<width>861</width>
		<height>531</height>
		<depth>3</depth>
	</size>
	<object>
		<name>QR</name>
		<pose>Unspecified</pose>
		<truncated>Unspecified</truncated>
		<difficult>Unspecified</difficult>
		<bndbox>
			<xmin>132</xmin>
			<ymin>161</ymin>
			<xmax>486</xmax>
			<ymax>510</ymax>
		</bndbox>
	</object>
</annotation>