<annotation>
	<folder>my-project-name</folder>
	<filename>175-29--46--10.png</filename>
	<path>/my-project-name/175-29--46--10.png</path>
	<source>
		<database>Unspecified</database>
	</source>
	<size>
		<width>861</width>
		<height>531</height>
		<depth>3</depth>
	</size>
	<object>
		<name>ArUco</name>
		<pose>Unspecified</pose>
		<truncated>Unspecified</truncated>
		<difficult>Unspecified</difficult>
		<bndbox>
			<xmin>336</xmin>
			<ymin>118</ymin>
			<xmax>497</xmax>
			<ymax>283</ymax>
		</bndbox>
	</object>
</annotation>