<annotation>
	<folder>my-project-name</folder>
	<filename>177-35--42--23.png</filename>
	<path>/my-project-name/177-35--42--23.png</path>
	<source>
		<database>Unspecified</database>
	</source>
	<size>
		<width>861</width>
		<height>531</height>
		<depth>3</depth>
	</size>
	<object>
		<name>QR</name>
		<pose>Unspecified</pose>
		<truncated>Unspecified</truncated>
		<difficult>Unspecified</difficult>
		<bndbox>
			<xmin>171</xmin>
			<ymin>212</ymin>
			<xmax>434</xmax>
			<ymax>512</ymax>
		</bndbox>
	</object>
</annotation>