<annotation>
	<folder>my-project-name</folder>
	<filename>178-44--44-39.png</filename>
	<path>/my-project-name/178-44--44-39.png</path>
	<source>
		<database>Unspecified</database>
	</source>
	<size>
		<width>861</width>
		<height>531</height>
		<depth>3</depth>
	</size>
	<object>
		<name>ArUco</name>
		<pose>Unspecified</pose>
		<truncated>Unspecified</truncated>
		<difficult>Unspecified</difficult>
		<bndbox>
			<xmin>439</xmin>
			<ymin>186</ymin>
			<xmax>633</xmax>
			<ymax>364</ymax>
		</bndbox>
	</object>
</annotation>