<annotation>
	<folder>my-project-name</folder>
	<filename>179--3-34--37.png</filename>
	<path>/my-project-name/179--3-34--37.png</path>
	<source>
		<database>Unspecified</database>
	</source>
	<size>
		<width>861</width>
		<height>531</height>
		<depth>3</depth>
	</size>
	<object>
		<name>ArUco</name>
		<pose>Unspecified</pose>
		<truncated>Unspecified</truncated>
		<difficult>Unspecified</difficult>
		<bndbox>
			<xmin>231</xmin>
			<ymin>98</ymin>
			<xmax>456</xmax>
			<ymax>376</ymax>
		</bndbox>
	</object>
</annotation>