<annotation>
	<folder>my-project-name</folder>
	<filename>18--22-37--32.png</filename>
	<path>/my-project-name/18--22-37--32.png</path>
	<source>
		<database>Unspecified</database>
	</source>
	<size>
		<width>861</width>
		<height>531</height>
		<depth>3</depth>
	</size>
	<object>
		<name>ArUco</name>
		<pose>Unspecified</pose>
		<truncated>Unspecified</truncated>
		<difficult>Unspecified</difficult>
		<bndbox>
			<xmin>146</xmin>
			<ymin>63</ymin>
			<xmax>374</xmax>
			<ymax>346</ymax>
		</bndbox>
	</object>
</annotation>