<annotation>
	<folder>my-project-name</folder>
	<filename>181-13-0--22.png</filename>
	<path>/my-project-name/181-13-0--22.png</path>
	<source>
		<database>Unspecified</database>
	</source>
	<size>
		<width>861</width>
		<height>531</height>
		<depth>3</depth>
	</size>
	<object>
		<name>ArUco</name>
		<pose>Unspecified</pose>
		<truncated>Unspecified</truncated>
		<difficult>Unspecified</difficult>
		<bndbox>
			<xmin>259</xmin>
			<ymin>66</ymin>
			<xmax>543</xmax>
			<ymax>348</ymax>
		</bndbox>
	</object>
</annotation>