<annotation>
	<folder>my-project-name</folder>
	<filename>182--31--18--35.png</filename>
	<path>/my-project-name/182--31--18--35.png</path>
	<source>
		<database>Unspecified</database>
	</source>
	<size>
		<width>861</width>
		<height>531</height>
		<depth>3</depth>
	</size>
	<object>
		<name>ArUco</name>
		<pose>Unspecified</pose>
		<truncated>Unspecified</truncated>
		<difficult>Unspecified</difficult>
		<bndbox>
			<xmin>239</xmin>
			<ymin>233</ymin>
			<xmax>465</xmax>
			<ymax>434</ymax>
		</bndbox>
	</object>
</annotation>