<annotation>
	<folder>my-project-name</folder>
	<filename>183--38--11--48.png</filename>
	<path>/my-project-name/183--38--11--48.png</path>
	<source>
		<database>Unspecified</database>
	</source>
	<size>
		<width>861</width>
		<height>531</height>
		<depth>3</depth>
	</size>
	<object>
		<name>QR</name>
		<pose>Unspecified</pose>
		<truncated>Unspecified</truncated>
		<difficult>Unspecified</difficult>
		<bndbox>
			<xmin>94</xmin>
			<ymin>186</ymin>
			<xmax>510</xmax>
			<ymax>510</ymax>
		</bndbox>
	</object>
</annotation>