<annotation>
	<folder>my-project-name</folder>
	<filename>184-0-13--7.png</filename>
	<path>/my-project-name/184-0-13--7.png</path>
	<source>
		<database>Unspecified</database>
	</source>
	<size>
		<width>861</width>
		<height>531</height>
		<depth>3</depth>
	</size>
	<object>
		<name>ArUco</name>
		<pose>Unspecified</pose>
		<truncated>Unspecified</truncated>
		<difficult>Unspecified</difficult>
		<bndbox>
			<xmin>143</xmin>
			<ymin>162</ymin>
			<xmax>320</xmax>
			<ymax>349</ymax>
		</bndbox>
	</object>
</annotation>