<annotation>
	<folder>my-project-name</folder>
	<filename>185--35--7-38.png</filename>
	<path>/my-project-name/185--35--7-38.png</path>
	<source>
		<database>Unspecified</database>
	</source>
	<size>
		<width>861</width>
		<height>531</height>
		<depth>3</depth>
	</size>
	<object>
		<name>ArUco</name>
		<pose>Unspecified</pose>
		<truncated>Unspecified</truncated>
		<difficult>Unspecified</difficult>
		<bndbox>
			<xmin>166</xmin>
			<ymin>62</ymin>
			<xmax>359</xmax>
			<ymax>223</ymax>
		</bndbox>
	</object>
</annotation>