<annotation>
	<folder>my-project-name</folder>
	<filename>186-44-15--38.png</filename>
	<path>/my-project-name/186-44-15--38.png</path>
	<source>
		<database>Unspecified</database>
	</source>
	<size>
		<width>861</width>
		<height>531</height>
		<depth>3</depth>
	</size>
	<object>
		<name>QR</name>
		<pose>Unspecified</pose>
		<truncated>Unspecified</truncated>
		<difficult>Unspecified</difficult>
		<bndbox>
			<xmin>270</xmin>
			<ymin>54</ymin>
			<xmax>597</xmax>
			<ymax>297</ymax>
		</bndbox>
	</object>
</annotation>