<annotation>
	<folder>my-project-name</folder>
	<filename>188--2-9-42.png</filename>
	<path>/my-project-name/188--2-9-42.png</path>
	<source>
		<database>Unspecified</database>
	</source>
	<size>
		<width>861</width>
		<height>531</height>
		<depth>3</depth>
	</size>
	<object>
		<name>QR</name>
		<pose>Unspecified</pose>
		<truncated>Unspecified</truncated>
		<difficult>Unspecified</difficult>
		<bndbox>
			<xmin>140</xmin>
			<ymin>70</ymin>
			<xmax>369</xmax>
			<ymax>299</ymax>
		</bndbox>
	</object>
</annotation>