<annotation>
	<folder>my-project-name</folder>
	<filename>189--33-39--23.png</filename>
	<path>/my-project-name/189--33-39--23.png</path>
	<source>
		<database>Unspecified</database>
	</source>
	<size>
		<width>861</width>
		<height>531</height>
		<depth>3</depth>
	</size>
	<object>
		<name>ArUco</name>
		<pose>Unspecified</pose>
		<truncated>Unspecified</truncated>
		<difficult>Unspecified</difficult>
		<bndbox>
			<xmin>463</xmin>
			<ymin>186</ymin>
			<xmax>701</xmax>
			<ymax>466</ymax>
		</bndbox>
	</object>
</annotation>