<annotation>
	<folder>my-project-name</folder>
	<filename>19--20--43-42.png</filename>
	<path>/my-project-name/19--20--43-42.png</path>
	<source>
		<database>Unspecified</database>
	</source>
	<size>
		<width>861</width>
		<height>531</height>
		<depth>3</depth>
	</size>
	<object>
		<name>ArUco</name>
		<pose>Unspecified</pose>
		<truncated>Unspecified</truncated>
		<difficult>Unspecified</difficult>
		<bndbox>
			<xmin>362</xmin>
			<ymin>59</ymin>
			<xmax>643</xmax>
			<ymax>417</ymax>
		</bndbox>
	</object>
</annotation>