<annotation>
	<folder>my-project-name</folder>
	<filename>190--11--47--40.png</filename>
	<path>/my-project-name/190--11--47--40.png</path>
	<source>
		<database>Unspecified</database>
	</source>
	<size>
		<width>861</width>
		<height>531</height>
		<depth>3</depth>
	</size>
	<object>
		<name>ArUco</name>
		<pose>Unspecified</pose>
		<truncated>Unspecified</truncated>
		<difficult>Unspecified</difficult>
		<bndbox>
			<xmin>195</xmin>
			<ymin>36</ymin>
			<xmax>442</xmax>
			<ymax>392</ymax>
		</bndbox>
	</object>
</annotation>