<annotation>
	<folder>my-project-name</folder>
	<filename>191--46-17--20.png</filename>
	<path>/my-project-name/191--46-17--20.png</path>
	<source>
		<database>Unspecified</database>
	</source>
	<size>
		<width>861</width>
		<height>531</height>
		<depth>3</depth>
	</size>
	<object>
		<name>QR</name>
		<pose>Unspecified</pose>
		<truncated>Unspecified</truncated>
		<difficult>Unspecified</difficult>
		<bndbox>
			<xmin>99</xmin>
			<ymin>73</ymin>
			<xmax>379</xmax>
			<ymax>326</ymax>
		</bndbox>
	</object>
</annotation>