<annotation>
	<folder>my-project-name</folder>
	<filename>192--22--43-11.png</filename>
	<path>/my-project-name/192--22--43-11.png</path>
	<source>
		<database>Unspecified</database>
	</source>
	<size>
		<width>861</width>
		<height>531</height>
		<depth>3</depth>
	</size>
	<object>
		<name>QR</name>
		<pose>Unspecified</pose>
		<truncated>Unspecified</truncated>
		<difficult>Unspecified</difficult>
		<bndbox>
			<xmin>502</xmin>
			<ymin>143</ymin>
			<xmax>649</xmax>
			<ymax>298</ymax>
		</bndbox>
	</object>
</annotation>