<annotation>
	<folder>my-project-name</folder>
	<filename>193-35-49--1.png</filename>
	<path>/my-project-name/193-35-49--1.png</path>
	<source>
		<database>Unspecified</database>
	</source>
	<size>
		<width>861</width>
		<height>531</height>
		<depth>3</depth>
	</size>
	<object>
		<name>ArUco</name>
		<pose>Unspecified</pose>
		<truncated>Unspecified</truncated>
		<difficult>Unspecified</difficult>
		<bndbox>
			<xmin>266</xmin>
			<ymin>139</ymin>
			<xmax>485</xmax>
			<ymax>328</ymax>
		</bndbox>
	</object>
</annotation>