<annotation>
	<folder>my-project-name</folder>
	<filename>195--1-45-43.png</filename>
	<path>/my-project-name/195--1-45-43.png</path>
	<source>
		<database>Unspecified</database>
	</source>
	<size>
		<width>861</width>
		<height>531</height>
		<depth>3</depth>
	</size>
	<object>
		<name>ArUco</name>
		<pose>Unspecified</pose>
		<truncated>Unspecified</truncated>
		<difficult>Unspecified</difficult>
		<bndbox>
			<xmin>238</xmin>
			<ymin>158</ymin>
			<xmax>548</xmax>
			<ymax>531</ymax>
		</bndbox>
	</object>
</annotation>