<annotation>
	<folder>my-project-name</folder>
	<filename>197-36--50--16.png</filename>
	<path>/my-project-name/197-36--50--16.png</path>
	<source>
		<database>Unspecified</database>
	</source>
	<size>
		<width>861</width>
		<height>531</height>
		<depth>3</depth>
	</size>
	<object>
		<name>QR</name>
		<pose>Unspecified</pose>
		<truncated>Unspecified</truncated>
		<difficult>Unspecified</difficult>
		<bndbox>
			<xmin>158</xmin>
			<ymin>270</ymin>
			<xmax>370</xmax>
			<ymax>481</ymax>
		</bndbox>
	</object>
</annotation>