<annotation>
	<folder>my-project-name</folder>
	<filename>199-46--31-6.png</filename>
	<path>/my-project-name/199-46--31-6.png</path>
	<source>
		<database>Unspecified</database>
	</source>
	<size>
		<width>861</width>
		<height>531</height>
		<depth>3</depth>
	</size>
	<object>
		<name>ArUco</name>
		<pose>Unspecified</pose>
		<truncated>Unspecified</truncated>
		<difficult>Unspecified</difficult>
		<bndbox>
			<xmin>210</xmin>
			<ymin>167</ymin>
			<xmax>427</xmax>
			<ymax>294</ymax>
		</bndbox>
	</object>
</annotation>