<annotation>
	<folder>my-project-name</folder>
	<filename>20-13-17--16.png</filename>
	<path>/my-project-name/20-13-17--16.png</path>
	<source>
		<database>Unspecified</database>
	</source>
	<size>
		<width>861</width>
		<height>531</height>
		<depth>3</depth>
	</size>
	<object>
		<name>QR</name>
		<pose>Unspecified</pose>
		<truncated>Unspecified</truncated>
		<difficult>Unspecified</difficult>
		<bndbox>
			<xmin>149</xmin>
			<ymin>5</ymin>
			<xmax>477</xmax>
			<ymax>328</ymax>
		</bndbox>
	</object>
</annotation>