<annotation>
	<folder>my-project-name</folder>
	<filename>202-33--50-46.png</filename>
	<path>/my-project-name/202-33--50-46.png</path>
	<source>
		<database>Unspecified</database>
	</source>
	<size>
		<width>861</width>
		<height>531</height>
		<depth>3</depth>
	</size>
	<object>
		<name>ArUco</name>
		<pose>Unspecified</pose>
		<truncated>Unspecified</truncated>
		<difficult>Unspecified</difficult>
		<bndbox>
			<xmin>198</xmin>
			<ymin>53</ymin>
			<xmax>362</xmax>
			<ymax>269</ymax>
		</bndbox>
	</object>
</annotation>