<annotation>
	<folder>my-project-name</folder>
	<filename>203--38--24--25.png</filename>
	<path>/my-project-name/203--38--24--25.png</path>
	<source>
		<database>Unspecified</database>
	</source>
	<size>
		<width>861</width>
		<height>531</height>
		<depth>3</depth>
	</size>
	<object>
		<name>ArUco</name>
		<pose>Unspecified</pose>
		<truncated>Unspecified</truncated>
		<difficult>Unspecified</difficult>
		<bndbox>
			<xmin>217</xmin>
			<ymin>159</ymin>
			<xmax>549</xmax>
			<ymax>422</ymax>
		</bndbox>
	</object>
</annotation>