<annotation>
	<folder>my-project-name</folder>
	<filename>204--6--12-21.png</filename>
	<path>/my-project-name/204--6--12-21.png</path>
	<source>
		<database>Unspecified</database>
	</source>
	<size>
		<width>861</width>
		<height>531</height>
		<depth>3</depth>
	</size>
	<object>
		<name>ArUco</name>
		<pose>Unspecified</pose>
		<truncated>Unspecified</truncated>
		<difficult>Unspecified</difficult>
		<bndbox>
			<xmin>166</xmin>
			<ymin>64</ymin>
			<xmax>525</xmax>
			<ymax>431</ymax>
		</bndbox>
	</object>
</annotation>