<annotation>
	<folder>my-project-name</folder>
	<filename>205--26-13--47.png</filename>
	<path>/my-project-name/205--26-13--47.png</path>
	<source>
		<database>Unspecified</database>
	</source>
	<size>
		<width>861</width>
		<height>531</height>
		<depth>3</depth>
	</size>
	<object>
		<name>QR</name>
		<pose>Unspecified</pose>
		<truncated>Unspecified</truncated>
		<difficult>Unspecified</difficult>
		<bndbox>
			<xmin>339</xmin>
			<ymin>83</ymin>
			<xmax>651</xmax>
			<ymax>376</ymax>
		</bndbox>
	</object>
</annotation>