<annotation>
	<folder>my-project-name</folder>
	<filename>206-39-11--25.png</filename>
	<path>/my-project-name/206-39-11--25.png</path>
	<source>
		<database>Unspecified</database>
	</source>
	<size>
		<width>861</width>
		<height>531</height>
		<depth>3</depth>
	</size>
	<object>
		<name>QR</name>
		<pose>Unspecified</pose>
		<truncated>Unspecified</truncated>
		<difficult>Unspecified</difficult>
		<bndbox>
			<xmin>352</xmin>
			<ymin>48</ymin>
			<xmax>589</xmax>
			<ymax>229</ymax>
		</bndbox>
	</object>
</annotation>