<annotation>
	<folder>my-project-name</folder>
	<filename>207--10--43--10.png</filename>
	<path>/my-project-name/207--10--43--10.png</path>
	<source>
		<database>Unspecified</database>
	</source>
	<size>
		<width>861</width>
		<height>531</height>
		<depth>3</depth>
	</size>
	<object>
		<name>QR</name>
		<pose>Unspecified</pose>
		<truncated>Unspecified</truncated>
		<difficult>Unspecified</difficult>
		<bndbox>
			<xmin>128</xmin>
			<ymin>48</ymin>
			<xmax>405</xmax>
			<ymax>381</ymax>
		</bndbox>
	</object>
</annotation>