<annotation>
	<folder>my-project-name</folder>
	<filename>208--36-47--39.png</filename>
	<path>/my-project-name/208--36-47--39.png</path>
	<source>
		<database>Unspecified</database>
	</source>
	<size>
		<width>861</width>
		<height>531</height>
		<depth>3</depth>
	</size>
	<object>
		<name>ArUco</name>
		<pose>Unspecified</pose>
		<truncated>Unspecified</truncated>
		<difficult>Unspecified</difficult>
		<bndbox>
			<xmin>405</xmin>
			<ymin>119</ymin>
			<xmax>606</xmax>
			<ymax>376</ymax>
		</bndbox>
	</object>
</annotation>