<annotation>
	<folder>my-project-name</folder>
	<filename>209-49-4--27.png</filename>
	<path>/my-project-name/209-49-4--27.png</path>
	<source>
		<database>Unspecified</database>
	</source>
	<size>
		<width>861</width>
		<height>531</height>
		<depth>3</depth>
	</size>
	<object>
		<name>ArUco</name>
		<pose>Unspecified</pose>
		<truncated>Unspecified</truncated>
		<difficult>Unspecified</difficult>
		<bndbox>
			<xmin>451</xmin>
			<ymin>166</ymin>
			<xmax>700</xmax>
			<ymax>338</ymax>
		</bndbox>
	</object>
</annotation>