<annotation>
	<folder>my-project-name</folder>
	<filename>21--40--50--17.png</filename>
	<path>/my-project-name/21--40--50--17.png</path>
	<source>
		<database>Unspecified</database>
	</source>
	<size>
		<width>861</width>
		<height>531</height>
		<depth>3</depth>
	</size>
	<object>
		<name>ArUco</name>
		<pose>Unspecified</pose>
		<truncated>Unspecified</truncated>
		<difficult>Unspecified</difficult>
		<bndbox>
			<xmin>149</xmin>
			<ymin>222</ymin>
			<xmax>469</xmax>
			<ymax>507</ymax>
		</bndbox>
	</object>
</annotation>