<annotation>
	<folder>my-project-name</folder>
	<filename>211--3--35--50.png</filename>
	<path>/my-project-name/211--3--35--50.png</path>
	<source>
		<database>Unspecified</database>
	</source>
	<size>
		<width>861</width>
		<height>531</height>
		<depth>3</depth>
	</size>
	<object>
		<name>QR</name>
		<pose>Unspecified</pose>
		<truncated>Unspecified</truncated>
		<difficult>Unspecified</difficult>
		<bndbox>
			<xmin>179</xmin>
			<ymin>149</ymin>
			<xmax>365</xmax>
			<ymax>382</ymax>
		</bndbox>
	</object>
</annotation>