<annotation>
	<folder>my-project-name</folder>
	<filename>212-18-40--26.png</filename>
	<path>/my-project-name/212-18-40--26.png</path>
	<source>
		<database>Unspecified</database>
	</source>
	<size>
		<width>861</width>
		<height>531</height>
		<depth>3</depth>
	</size>
	<object>
		<name>ArUco</name>
		<pose>Unspecified</pose>
		<truncated>Unspecified</truncated>
		<difficult>Unspecified</difficult>
		<bndbox>
			<xmin>291</xmin>
			<ymin>94</ymin>
			<xmax>579</xmax>
			<ymax>422</ymax>
		</bndbox>
	</object>
</annotation>