<annotation>
	<folder>my-project-name</folder>
	<filename>216--41-23--25.png</filename>
	<path>/my-project-name/216--41-23--25.png</path>
	<source>
		<database>Unspecified</database>
	</source>
	<size>
		<width>861</width>
		<height>531</height>
		<depth>3</depth>
	</size>
	<object>
		<name>QR</name>
		<pose>Unspecified</pose>
		<truncated>Unspecified</truncated>
		<difficult>Unspecified</difficult>
		<bndbox>
			<xmin>376</xmin>
			<ymin>177</ymin>
			<xmax>657</xmax>
			<ymax>436</ymax>
		</bndbox>
	</object>
</annotation>