<annotation>
	<folder>my-project-name</folder>
	<filename>218-34-21-35.png</filename>
	<path>/my-project-name/218-34-21-35.png</path>
	<source>
		<database>Unspecified</database>
	</source>
	<size>
		<width>861</width>
		<height>531</height>
		<depth>3</depth>
	</size>
	<object>
		<name>QR</name>
		<pose>Unspecified</pose>
		<truncated>Unspecified</truncated>
		<difficult>Unspecified</difficult>
		<bndbox>
			<xmin>130</xmin>
			<ymin>152</ymin>
			<xmax>411</xmax>
			<ymax>410</ymax>
		</bndbox>
	</object>
</annotation>