<annotation>
	<folder>my-project-name</folder>
	<filename>220--4-9--2.png</filename>
	<path>/my-project-name/220--4-9--2.png</path>
	<source>
		<database>Unspecified</database>
	</source>
	<size>
		<width>861</width>
		<height>531</height>
		<depth>3</depth>
	</size>
	<object>
		<name>ArUco</name>
		<pose>Unspecified</pose>
		<truncated>Unspecified</truncated>
		<difficult>Unspecified</difficult>
		<bndbox>
			<xmin>401</xmin>
			<ymin>145</ymin>
			<xmax>620</xmax>
			<ymax>373</ymax>
		</bndbox>
	</object>
</annotation>