<annotation>
	<folder>my-project-name</folder>
	<filename>221--12-46--23.png</filename>
	<path>/my-project-name/221--12-46--23.png</path>
	<source>
		<database>Unspecified</database>
	</source>
	<size>
		<width>861</width>
		<height>531</height>
		<depth>3</depth>
	</size>
	<object>
		<name>ArUco</name>
		<pose>Unspecified</pose>
		<truncated>Unspecified</truncated>
		<difficult>Unspecified</difficult>
		<bndbox>
			<xmin>321</xmin>
			<ymin>240</ymin>
			<xmax>514</xmax>
			<ymax>531</ymax>
		</bndbox>
	</object>
</annotation>