<annotation>
	<folder>my-project-name</folder>
	<filename>222--17--30--34.png</filename>
	<path>/my-project-name/222--17--30--34.png</path>
	<source>
		<database>Unspecified</database>
	</source>
	<size>
		<width>861</width>
		<height>531</height>
		<depth>3</depth>
	</size>
	<object>
		<name>ArUco</name>
		<pose>Unspecified</pose>
		<truncated>Unspecified</truncated>
		<difficult>Unspecified</difficult>
		<bndbox>
			<xmin>419</xmin>
			<ymin>92</ymin>
			<xmax>745</xmax>
			<ymax>439</ymax>
		</bndbox>
	</object>
</annotation>