<annotation>
	<folder>my-project-name</folder>
	<filename>223-44-17-48.png</filename>
	<path>/my-project-name/223-44-17-48.png</path>
	<source>
		<database>Unspecified</database>
	</source>
	<size>
		<width>861</width>
		<height>531</height>
		<depth>3</depth>
	</size>
	<object>
		<name>ArUco</name>
		<pose>Unspecified</pose>
		<truncated>Unspecified</truncated>
		<difficult>Unspecified</difficult>
		<bndbox>
			<xmin>247</xmin>
			<ymin>81</ymin>
			<xmax>458</xmax>
			<ymax>236</ymax>
		</bndbox>
	</object>
</annotation>