<annotation>
	<folder>my-project-name</folder>
	<filename>224--10--30-42.png</filename>
	<path>/my-project-name/224--10--30-42.png</path>
	<source>
		<database>Unspecified</database>
	</source>
	<size>
		<width>861</width>
		<height>531</height>
		<depth>3</depth>
	</size>
	<object>
		<name>QR</name>
		<pose>Unspecified</pose>
		<truncated>Unspecified</truncated>
		<difficult>Unspecified</difficult>
		<bndbox>
			<xmin>272</xmin>
			<ymin>229</ymin>
			<xmax>451</xmax>
			<ymax>435</ymax>
		</bndbox>
	</object>
</annotation>