<annotation>
	<folder>my-project-name</folder>
	<filename>225--49-41-33.png</filename>
	<path>/my-project-name/225--49-41-33.png</path>
	<source>
		<database>Unspecified</database>
	</source>
	<size>
		<width>861</width>
		<height>531</height>
		<depth>3</depth>
	</size>
	<object>
		<name>ArUco</name>
		<pose>Unspecified</pose>
		<truncated>Unspecified</truncated>
		<difficult>Unspecified</difficult>
		<bndbox>
			<xmin>336</xmin>
			<ymin>174</ymin>
			<xmax>582</xmax>
			<ymax>356</ymax>
		</bndbox>
	</object>
</annotation>