<annotation>
	<folder>my-project-name</folder>
	<filename>226-48-28-48.png</filename>
	<path>/my-project-name/226-48-28-48.png</path>
	<source>
		<database>Unspecified</database>
	</source>
	<size>
		<width>861</width>
		<height>531</height>
		<depth>3</depth>
	</size>
	<object>
		<name>QR</name>
		<pose>Unspecified</pose>
		<truncated>Unspecified</truncated>
		<difficult>Unspecified</difficult>
		<bndbox>
			<xmin>329</xmin>
			<ymin>221</ymin>
			<xmax>729</xmax>
			<ymax>502</ymax>
		</bndbox>
	</object>
</annotation>