<annotation>
	<folder>my-project-name</folder>
	<filename>229--26--49-2.png</filename>
	<path>/my-project-name/229--26--49-2.png</path>
	<source>
		<database>Unspecified</database>
	</source>
	<size>
		<width>861</width>
		<height>531</height>
		<depth>3</depth>
	</size>
	<object>
		<name>QR</name>
		<pose>Unspecified</pose>
		<truncated>Unspecified</truncated>
		<difficult>Unspecified</difficult>
		<bndbox>
			<xmin>506</xmin>
			<ymin>142</ymin>
			<xmax>748</xmax>
			<ymax>387</ymax>
		</bndbox>
	</object>
</annotation>