<annotation>
	<folder>my-project-name</folder>
	<filename>23-0--1-19.png</filename>
	<path>/my-project-name/23-0--1-19.png</path>
	<source>
		<database>Unspecified</database>
	</source>
	<size>
		<width>861</width>
		<height>531</height>
		<depth>3</depth>
	</size>
	<object>
		<name>QR</name>
		<pose>Unspecified</pose>
		<truncated>Unspecified</truncated>
		<difficult>Unspecified</difficult>
		<bndbox>
			<xmin>317</xmin>
			<ymin>43</ymin>
			<xmax>614</xmax>
			<ymax>333</ymax>
		</bndbox>
	</object>
</annotation>