<annotation>
	<folder>my-project-name</folder>
	<filename>232-37-38-44.png</filename>
	<path>/my-project-name/232-37-38-44.png</path>
	<source>
		<database>Unspecified</database>
	</source>
	<size>
		<width>861</width>
		<height>531</height>
		<depth>3</depth>
	</size>
	<object>
		<name>QR</name>
		<pose>Unspecified</pose>
		<truncated>Unspecified</truncated>
		<difficult>Unspecified</difficult>
		<bndbox>
			<xmin>346</xmin>
			<ymin>4</ymin>
			<xmax>671</xmax>
			<ymax>310</ymax>
		</bndbox>
	</object>
</annotation>