<annotation>
	<folder>my-project-name</folder>
	<filename>234--29--25-29.png</filename>
	<path>/my-project-name/234--29--25-29.png</path>
	<source>
		<database>Unspecified</database>
	</source>
	<size>
		<width>861</width>
		<height>531</height>
		<depth>3</depth>
	</size>
	<object>
		<name>ArUco</name>
		<pose>Unspecified</pose>
		<truncated>Unspecified</truncated>
		<difficult>Unspecified</difficult>
		<bndbox>
			<xmin>337</xmin>
			<ymin>195</ymin>
			<xmax>649</xmax>
			<ymax>512</ymax>
		</bndbox>
	</object>
</annotation>