<annotation>
	<folder>my-project-name</folder>
	<filename>235--13--48--34.png</filename>
	<path>/my-project-name/235--13--48--34.png</path>
	<source>
		<database>Unspecified</database>
	</source>
	<size>
		<width>861</width>
		<height>531</height>
		<depth>3</depth>
	</size>
	<object>
		<name>ArUco</name>
		<pose>Unspecified</pose>
		<truncated>Unspecified</truncated>
		<difficult>Unspecified</difficult>
		<bndbox>
			<xmin>355</xmin>
			<ymin>211</ymin>
			<xmax>511</xmax>
			<ymax>429</ymax>
		</bndbox>
	</object>
</annotation>