<annotation>
	<folder>my-project-name</folder>
	<filename>236--16-43--39.png</filename>
	<path>/my-project-name/236--16-43--39.png</path>
	<source>
		<database>Unspecified</database>
	</source>
	<size>
		<width>861</width>
		<height>531</height>
		<depth>3</depth>
	</size>
	<object>
		<name>ArUco</name>
		<pose>Unspecified</pose>
		<truncated>Unspecified</truncated>
		<difficult>Unspecified</difficult>
		<bndbox>
			<xmin>215</xmin>
			<ymin>268</ymin>
			<xmax>389</xmax>
			<ymax>506</ymax>
		</bndbox>
	</object>
</annotation>