<annotation>
	<folder>my-project-name</folder>
	<filename>237--3--21--46.png</filename>
	<path>/my-project-name/237--3--21--46.png</path>
	<source>
		<database>Unspecified</database>
	</source>
	<size>
		<width>861</width>
		<height>531</height>
		<depth>3</depth>
	</size>
	<object>
		<name>QR</name>
		<pose>Unspecified</pose>
		<truncated>Unspecified</truncated>
		<difficult>Unspecified</difficult>
		<bndbox>
			<xmin>438</xmin>
			<ymin>134</ymin>
			<xmax>628</xmax>
			<ymax>345</ymax>
		</bndbox>
	</object>
</annotation>