<annotation>
	<folder>my-project-name</folder>
	<filename>238-24-3-4.png</filename>
	<path>/my-project-name/238-24-3-4.png</path>
	<source>
		<database>Unspecified</database>
	</source>
	<size>
		<width>861</width>
		<height>531</height>
		<depth>3</depth>
	</size>
	<object>
		<name>QR</name>
		<pose>Unspecified</pose>
		<truncated>Unspecified</truncated>
		<difficult>Unspecified</difficult>
		<bndbox>
			<xmin>277</xmin>
			<ymin>237</ymin>
			<xmax>539</xmax>
			<ymax>476</ymax>
		</bndbox>
	</object>
</annotation>