<annotation>
	<folder>my-project-name</folder>
	<filename>239-9--42--24.png</filename>
	<path>/my-project-name/239-9--42--24.png</path>
	<source>
		<database>Unspecified</database>
	</source>
	<size>
		<width>861</width>
		<height>531</height>
		<depth>3</depth>
	</size>
	<object>
		<name>QR</name>
		<pose>Unspecified</pose>
		<truncated>Unspecified</truncated>
		<difficult>Unspecified</difficult>
		<bndbox>
			<xmin>289</xmin>
			<ymin>239</ymin>
			<xmax>485</xmax>
			<ymax>519</ymax>
		</bndbox>
	</object>
</annotation>