<annotation>
	<folder>my-project-name</folder>
	<filename>24-35--48--31.png</filename>
	<path>/my-project-name/24-35--48--31.png</path>
	<source>
		<database>Unspecified</database>
	</source>
	<size>
		<width>861</width>
		<height>531</height>
		<depth>3</depth>
	</size>
	<object>
		<name>QR</name>
		<pose>Unspecified</pose>
		<truncated>Unspecified</truncated>
		<difficult>Unspecified</difficult>
		<bndbox>
			<xmin>454</xmin>
			<ymin>180</ymin>
			<xmax>633</xmax>
			<ymax>413</ymax>
		</bndbox>
	</object>
</annotation>