<annotation>
	<folder>my-project-name</folder>
	<filename>240--37-23--33.png</filename>
	<path>/my-project-name/240--37-23--33.png</path>
	<source>
		<database>Unspecified</database>
	</source>
	<size>
		<width>861</width>
		<height>531</height>
		<depth>3</depth>
	</size>
	<object>
		<name>ArUco</name>
		<pose>Unspecified</pose>
		<truncated>Unspecified</truncated>
		<difficult>Unspecified</difficult>
		<bndbox>
			<xmin>147</xmin>
			<ymin>179</ymin>
			<xmax>354</xmax>
			<ymax>367</ymax>
		</bndbox>
	</object>
</annotation>