<annotation>
	<folder>my-project-name</folder>
	<filename>242-23--9-43.png</filename>
	<path>/my-project-name/242-23--9-43.png</path>
	<source>
		<database>Unspecified</database>
	</source>
	<size>
		<width>861</width>
		<height>531</height>
		<depth>3</depth>
	</size>
	<object>
		<name>ArUco</name>
		<pose>Unspecified</pose>
		<truncated>Unspecified</truncated>
		<difficult>Unspecified</difficult>
		<bndbox>
			<xmin>420</xmin>
			<ymin>92</ymin>
			<xmax>655</xmax>
			<ymax>316</ymax>
		</bndbox>
	</object>
</annotation>