<annotation>
	<folder>my-project-name</folder>
	<filename>243-38-17--20.png</filename>
	<path>/my-project-name/243-38-17--20.png</path>
	<source>
		<database>Unspecified</database>
	</source>
	<size>
		<width>861</width>
		<height>531</height>
		<depth>3</depth>
	</size>
	<object>
		<name>ArUco</name>
		<pose>Unspecified</pose>
		<truncated>Unspecified</truncated>
		<difficult>Unspecified</difficult>
		<bndbox>
			<xmin>300</xmin>
			<ymin>137</ymin>
			<xmax>648</xmax>
			<ymax>395</ymax>
		</bndbox>
	</object>
</annotation>