<annotation>
	<folder>my-project-name</folder>
	<filename>246--24--33-38.png</filename>
	<path>/my-project-name/246--24--33-38.png</path>
	<source>
		<database>Unspecified</database>
	</source>
	<size>
		<width>861</width>
		<height>531</height>
		<depth>3</depth>
	</size>
	<object>
		<name>QR</name>
		<pose>Unspecified</pose>
		<truncated>Unspecified</truncated>
		<difficult>Unspecified</difficult>
		<bndbox>
			<xmin>299</xmin>
			<ymin>250</ymin>
			<xmax>544</xmax>
			<ymax>525</ymax>
		</bndbox>
	</object>
</annotation>