<annotation>
	<folder>my-project-name</folder>
	<filename>247--19--39--26.png</filename>
	<path>/my-project-name/247--19--39--26.png</path>
	<source>
		<database>Unspecified</database>
	</source>
	<size>
		<width>861</width>
		<height>531</height>
		<depth>3</depth>
	</size>
	<object>
		<name>ArUco</name>
		<pose>Unspecified</pose>
		<truncated>Unspecified</truncated>
		<difficult>Unspecified</difficult>
		<bndbox>
			<xmin>196</xmin>
			<ymin>216</ymin>
			<xmax>367</xmax>
			<ymax>401</ymax>
		</bndbox>
	</object>
</annotation>