<annotation>
	<folder>my-project-name</folder>
	<filename>249-20-39--16.png</filename>
	<path>/my-project-name/249-20-39--16.png</path>
	<source>
		<database>Unspecified</database>
	</source>
	<size>
		<width>861</width>
		<height>531</height>
		<depth>3</depth>
	</size>
	<object>
		<name>ArUco</name>
		<pose>Unspecified</pose>
		<truncated>Unspecified</truncated>
		<difficult>Unspecified</difficult>
		<bndbox>
			<xmin>485</xmin>
			<ymin>25</ymin>
			<xmax>737</xmax>
			<ymax>279</ymax>
		</bndbox>
	</object>
</annotation>