<annotation>
	<folder>my-project-name</folder>
	<filename>25-44-44-36.png</filename>
	<path>/my-project-name/25-44-44-36.png</path>
	<source>
		<database>Unspecified</database>
	</source>
	<size>
		<width>861</width>
		<height>531</height>
		<depth>3</depth>
	</size>
	<object>
		<name>ArUco</name>
		<pose>Unspecified</pose>
		<truncated>Unspecified</truncated>
		<difficult>Unspecified</difficult>
		<bndbox>
			<xmin>370</xmin>
			<ymin>272</ymin>
			<xmax>543</xmax>
			<ymax>458</ymax>
		</bndbox>
	</object>
</annotation>