<annotation>
	<folder>my-project-name</folder>
	<filename>26--30-29-45.png</filename>
	<path>/my-project-name/26--30-29-45.png</path>
	<source>
		<database>Unspecified</database>
	</source>
	<size>
		<width>861</width>
		<height>531</height>
		<depth>3</depth>
	</size>
	<object>
		<name>QR</name>
		<pose>Unspecified</pose>
		<truncated>Unspecified</truncated>
		<difficult>Unspecified</difficult>
		<bndbox>
			<xmin>129</xmin>
			<ymin>66</ymin>
			<xmax>388</xmax>
			<ymax>324</ymax>
		</bndbox>
	</object>
</annotation>