<annotation>
	<folder>my-project-name</folder>
	<filename>28-29--43-30.png</filename>
	<path>/my-project-name/28-29--43-30.png</path>
	<source>
		<database>Unspecified</database>
	</source>
	<size>
		<width>861</width>
		<height>531</height>
		<depth>3</depth>
	</size>
	<object>
		<name>ArUco</name>
		<pose>Unspecified</pose>
		<truncated>Unspecified</truncated>
		<difficult>Unspecified</difficult>
		<bndbox>
			<xmin>251</xmin>
			<ymin>218</ymin>
			<xmax>437</xmax>
			<ymax>412</ymax>
		</bndbox>
	</object>
</annotation>