<annotation>
	<folder>my-project-name</folder>
	<filename>29--18-20--10.png</filename>
	<path>/my-project-name/29--18-20--10.png</path>
	<source>
		<database>Unspecified</database>
	</source>
	<size>
		<width>861</width>
		<height>531</height>
		<depth>3</depth>
	</size>
	<object>
		<name>ArUco</name>
		<pose>Unspecified</pose>
		<truncated>Unspecified</truncated>
		<difficult>Unspecified</difficult>
		<bndbox>
			<xmin>322</xmin>
			<ymin>306</ymin>
			<xmax>480</xmax>
			<ymax>480</ymax>
		</bndbox>
	</object>
</annotation>