<annotation>
	<folder>my-project-name</folder>
	<filename>3--34-36--33.png</filename>
	<path>/my-project-name/3--34-36--33.png</path>
	<source>
		<database>Unspecified</database>
	</source>
	<size>
		<width>861</width>
		<height>531</height>
		<depth>3</depth>
	</size>
	<object>
		<name>QR</name>
		<pose>Unspecified</pose>
		<truncated>Unspecified</truncated>
		<difficult>Unspecified</difficult>
		<bndbox>
			<xmin>93</xmin>
			<ymin>112</ymin>
			<xmax>393</xmax>
			<ymax>458</ymax>
		</bndbox>
	</object>
</annotation>