<annotation>
	<folder>my-project-name</folder>
	<filename>30--3--4--10.png</filename>
	<path>/my-project-name/30--3--4--10.png</path>
	<source>
		<database>Unspecified</database>
	</source>
	<size>
		<width>861</width>
		<height>531</height>
		<depth>3</depth>
	</size>
	<object>
		<name>ArUco</name>
		<pose>Unspecified</pose>
		<truncated>Unspecified</truncated>
		<difficult>Unspecified</difficult>
		<bndbox>
			<xmin>438</xmin>
			<ymin>142</ymin>
			<xmax>598</xmax>
			<ymax>311</ymax>
		</bndbox>
	</object>
</annotation>