<annotation>
	<folder>my-project-name</folder>
	<filename>31--25--4--2.png</filename>
	<path>/my-project-name/31--25--4--2.png</path>
	<source>
		<database>Unspecified</database>
	</source>
	<size>
		<width>861</width>
		<height>531</height>
		<depth>3</depth>
	</size>
	<object>
		<name>QR</name>
		<pose>Unspecified</pose>
		<truncated>Unspecified</truncated>
		<difficult>Unspecified</difficult>
		<bndbox>
			<xmin>382</xmin>
			<ymin>225</ymin>
			<xmax>561</xmax>
			<ymax>387</ymax>
		</bndbox>
	</object>
</annotation>