<annotation>
	<folder>my-project-name</folder>
	<filename>32-3--44-26.png</filename>
	<path>/my-project-name/32-3--44-26.png</path>
	<source>
		<database>Unspecified</database>
	</source>
	<size>
		<width>861</width>
		<height>531</height>
		<depth>3</depth>
	</size>
	<object>
		<name>ArUco</name>
		<pose>Unspecified</pose>
		<truncated>Unspecified</truncated>
		<difficult>Unspecified</difficult>
		<bndbox>
			<xmin>444</xmin>
			<ymin>265</ymin>
			<xmax>608</xmax>
			<ymax>482</ymax>
		</bndbox>
	</object>
</annotation>