<annotation>
	<folder>my-project-name</folder>
	<filename>33--11-32--10.png</filename>
	<path>/my-project-name/33--11-32--10.png</path>
	<source>
		<database>Unspecified</database>
	</source>
	<size>
		<width>861</width>
		<height>531</height>
		<depth>3</depth>
	</size>
	<object>
		<name>QR</name>
		<pose>Unspecified</pose>
		<truncated>Unspecified</truncated>
		<difficult>Unspecified</difficult>
		<bndbox>
			<xmin>410</xmin>
			<ymin>141</ymin>
			<xmax>603</xmax>
			<ymax>379</ymax>
		</bndbox>
	</object>
</annotation>