<annotation>
	<folder>my-project-name</folder>
	<filename>35--29-32-18.png</filename>
	<path>/my-project-name/35--29-32-18.png</path>
	<source>
		<database>Unspecified</database>
	</source>
	<size>
		<width>861</width>
		<height>531</height>
		<depth>3</depth>
	</size>
	<object>
		<name>ArUco</name>
		<pose>Unspecified</pose>
		<truncated>Unspecified</truncated>
		<difficult>Unspecified</difficult>
		<bndbox>
			<xmin>430</xmin>
			<ymin>221</ymin>
			<xmax>609</xmax>
			<ymax>379</ymax>
		</bndbox>
	</object>
</annotation>