<annotation>
	<folder>my-project-name</folder>
	<filename>36--9-21--17.png</filename>
	<path>/my-project-name/36--9-21--17.png</path>
	<source>
		<database>Unspecified</database>
	</source>
	<size>
		<width>861</width>
		<height>531</height>
		<depth>3</depth>
	</size>
	<object>
		<name>QR</name>
		<pose>Unspecified</pose>
		<truncated>Unspecified</truncated>
		<difficult>Unspecified</difficult>
		<bndbox>
			<xmin>300</xmin>
			<ymin>176</ymin>
			<xmax>485</xmax>
			<ymax>387</ymax>
		</bndbox>
	</object>
</annotation>