<annotation>
	<folder>my-project-name</folder>
	<filename>37--26-43-29.png</filename>
	<path>/my-project-name/37--26-43-29.png</path>
	<source>
		<database>Unspecified</database>
	</source>
	<size>
		<width>861</width>
		<height>531</height>
		<depth>3</depth>
	</size>
	<object>
		<name>ArUco</name>
		<pose>Unspecified</pose>
		<truncated>Unspecified</truncated>
		<difficult>Unspecified</difficult>
		<bndbox>
			<xmin>504</xmin>
			<ymin>263</ymin>
			<xmax>729</xmax>
			<ymax>514</ymax>
		</bndbox>
	</object>
</annotation>