<annotation>
	<folder>my-project-name</folder>
	<filename>39--42-18-46.png</filename>
	<path>/my-project-name/39--42-18-46.png</path>
	<source>
		<database>Unspecified</database>
	</source>
	<size>
		<width>861</width>
		<height>531</height>
		<depth>3</depth>
	</size>
	<object>
		<name>ArUco</name>
		<pose>Unspecified</pose>
		<truncated>Unspecified</truncated>
		<difficult>Unspecified</difficult>
		<bndbox>
			<xmin>454</xmin>
			<ymin>122</ymin>
			<xmax>745</xmax>
			<ymax>351</ymax>
		</bndbox>
	</object>
</annotation>