<annotation>
	<folder>my-project-name</folder>
	<filename>4-21--14-21.png</filename>
	<path>/my-project-name/4-21--14-21.png</path>
	<source>
		<database>Unspecified</database>
	</source>
	<size>
		<width>861</width>
		<height>531</height>
		<depth>3</depth>
	</size>
	<object>
		<name>QR</name>
		<pose>Unspecified</pose>
		<truncated>Unspecified</truncated>
		<difficult>Unspecified</difficult>
		<bndbox>
			<xmin>222</xmin>
			<ymin>150</ymin>
			<xmax>551</xmax>
			<ymax>448</ymax>
		</bndbox>
	</object>
</annotation>