<annotation>
	<folder>my-project-name</folder>
	<filename>40-10-13-5.png</filename>
	<path>/my-project-name/40-10-13-5.png</path>
	<source>
		<database>Unspecified</database>
	</source>
	<size>
		<width>861</width>
		<height>531</height>
		<depth>3</depth>
	</size>
	<object>
		<name>ArUco</name>
		<pose>Unspecified</pose>
		<truncated>Unspecified</truncated>
		<difficult>Unspecified</difficult>
		<bndbox>
			<xmin>138</xmin>
			<ymin>58</ymin>
			<xmax>384</xmax>
			<ymax>308</ymax>
		</bndbox>
	</object>
</annotation>