<annotation>
	<folder>my-project-name</folder>
	<filename>42-32-7--49.png</filename>
	<path>/my-project-name/42-32-7--49.png</path>
	<source>
		<database>Unspecified</database>
	</source>
	<size>
		<width>861</width>
		<height>531</height>
		<depth>3</depth>
	</size>
	<object>
		<name>ArUco</name>
		<pose>Unspecified</pose>
		<truncated>Unspecified</truncated>
		<difficult>Unspecified</difficult>
		<bndbox>
			<xmin>324</xmin>
			<ymin>161</ymin>
			<xmax>678</xmax>
			<ymax>470</ymax>
		</bndbox>
	</object>
</annotation>