<annotation>
	<folder>my-project-name</folder>
	<filename>43--27-5-27.png</filename>
	<path>/my-project-name/43--27-5-27.png</path>
	<source>
		<database>Unspecified</database>
	</source>
	<size>
		<width>861</width>
		<height>531</height>
		<depth>3</depth>
	</size>
	<object>
		<name>QR</name>
		<pose>Unspecified</pose>
		<truncated>Unspecified</truncated>
		<difficult>Unspecified</difficult>
		<bndbox>
			<xmin>304</xmin>
			<ymin>50</ymin>
			<xmax>565</xmax>
			<ymax>284</ymax>
		</bndbox>
	</object>
</annotation>