<annotation>
	<folder>my-project-name</folder>
	<filename>45-42--22-17.png</filename>
	<path>/my-project-name/45-42--22-17.png</path>
	<source>
		<database>Unspecified</database>
	</source>
	<size>
		<width>861</width>
		<height>531</height>
		<depth>3</depth>
	</size>
	<object>
		<name>ArUco</name>
		<pose>Unspecified</pose>
		<truncated>Unspecified</truncated>
		<difficult>Unspecified</difficult>
		<bndbox>
			<xmin>387</xmin>
			<ymin>97</ymin>
			<xmax>711</xmax>
			<ymax>331</ymax>
		</bndbox>
	</object>
</annotation>