<annotation>
	<folder>my-project-name</folder>
	<filename>46--36--41--22.png</filename>
	<path>/my-project-name/46--36--41--22.png</path>
	<source>
		<database>Unspecified</database>
	</source>
	<size>
		<width>861</width>
		<height>531</height>
		<depth>3</depth>
	</size>
	<object>
		<name>ArUco</name>
		<pose>Unspecified</pose>
		<truncated>Unspecified</truncated>
		<difficult>Unspecified</difficult>
		<bndbox>
			<xmin>293</xmin>
			<ymin>67</ymin>
			<xmax>529</xmax>
			<ymax>279</ymax>
		</bndbox>
	</object>
</annotation>