<annotation>
	<folder>my-project-name</folder>
	<filename>48--33-5--33.png</filename>
	<path>/my-project-name/48--33-5--33.png</path>
	<source>
		<database>Unspecified</database>
	</source>
	<size>
		<width>861</width>
		<height>531</height>
		<depth>3</depth>
	</size>
	<object>
		<name>ArUco</name>
		<pose>Unspecified</pose>
		<truncated>Unspecified</truncated>
		<difficult>Unspecified</difficult>
		<bndbox>
			<xmin>445</xmin>
			<ymin>68</ymin>
			<xmax>674</xmax>
			<ymax>264</ymax>
		</bndbox>
	</object>
</annotation>