<annotation>
	<folder>my-project-name</folder>
	<filename>5--48-15--14.png</filename>
	<path>/my-project-name/5--48-15--14.png</path>
	<source>
		<database>Unspecified</database>
	</source>
	<size>
		<width>861</width>
		<height>531</height>
		<depth>3</depth>
	</size>
	<object>
		<name>QR</name>
		<pose>Unspecified</pose>
		<truncated>Unspecified</truncated>
		<difficult>Unspecified</difficult>
		<bndbox>
			<xmin>158</xmin>
			<ymin>36</ymin>
			<xmax>449</xmax>
			<ymax>275</ymax>
		</bndbox>
	</object>
</annotation>