<annotation>
	<folder>my-project-name</folder>
	<filename>51--38--40--27.png</filename>
	<path>/my-project-name/51--38--40--27.png</path>
	<source>
		<database>Unspecified</database>
	</source>
	<size>
		<width>861</width>
		<height>531</height>
		<depth>3</depth>
	</size>
	<object>
		<name>QR</name>
		<pose>Unspecified</pose>
		<truncated>Unspecified</truncated>
		<difficult>Unspecified</difficult>
		<bndbox>
			<xmin>118</xmin>
			<ymin>204</ymin>
			<xmax>442</xmax>
			<ymax>481</ymax>
		</bndbox>
	</object>
</annotation>