<annotation>
	<folder>my-project-name</folder>
	<filename>52--2--41-44.png</filename>
	<path>/my-project-name/52--2--41-44.png</path>
	<source>
		<database>Unspecified</database>
	</source>
	<size>
		<width>861</width>
		<height>531</height>
		<depth>3</depth>
	</size>
	<object>
		<name>ArUco</name>
		<pose>Unspecified</pose>
		<truncated>Unspecified</truncated>
		<difficult>Unspecified</difficult>
		<bndbox>
			<xmin>393</xmin>
			<ymin>31</ymin>
			<xmax>622</xmax>
			<ymax>338</ymax>
		</bndbox>
	</object>
</annotation>