<annotation>
	<folder>my-project-name</folder>
	<filename>53--49--46--1.png</filename>
	<path>/my-project-name/53--49--46--1.png</path>
	<source>
		<database>Unspecified</database>
	</source>
	<size>
		<width>861</width>
		<height>531</height>
		<depth>3</depth>
	</size>
	<object>
		<name>ArUco</name>
		<pose>Unspecified</pose>
		<truncated>Unspecified</truncated>
		<difficult>Unspecified</difficult>
		<bndbox>
			<xmin>307</xmin>
			<ymin>180</ymin>
			<xmax>641</xmax>
			<ymax>368</ymax>
		</bndbox>
	</object>
</annotation>