<annotation>
	<folder>my-project-name</folder>
	<filename>54-39-44-25.png</filename>
	<path>/my-project-name/54-39-44-25.png</path>
	<source>
		<database>Unspecified</database>
	</source>
	<size>
		<width>861</width>
		<height>531</height>
		<depth>3</depth>
	</size>
	<object>
		<name>ArUco</name>
		<pose>Unspecified</pose>
		<truncated>Unspecified</truncated>
		<difficult>Unspecified</difficult>
		<bndbox>
			<xmin>193</xmin>
			<ymin>168</ymin>
			<xmax>418</xmax>
			<ymax>408</ymax>
		</bndbox>
	</object>
</annotation>