<annotation>
	<folder>my-project-name</folder>
	<filename>57-46--7-40.png</filename>
	<path>/my-project-name/57-46--7-40.png</path>
	<source>
		<database>Unspecified</database>
	</source>
	<size>
		<width>861</width>
		<height>531</height>
		<depth>3</depth>
	</size>
	<object>
		<name>ArUco</name>
		<pose>Unspecified</pose>
		<truncated>Unspecified</truncated>
		<difficult>Unspecified</difficult>
		<bndbox>
			<xmin>403</xmin>
			<ymin>67</ymin>
			<xmax>805</xmax>
			<ymax>341</ymax>
		</bndbox>
	</object>
</annotation>