<annotation>
	<folder>my-project-name</folder>
	<filename>58--30-38-18.png</filename>
	<path>/my-project-name/58--30-38-18.png</path>
	<source>
		<database>Unspecified</database>
	</source>
	<size>
		<width>861</width>
		<height>531</height>
		<depth>3</depth>
	</size>
	<object>
		<name>QR</name>
		<pose>Unspecified</pose>
		<truncated>Unspecified</truncated>
		<difficult>Unspecified</difficult>
		<bndbox>
			<xmin>145</xmin>
			<ymin>303</ymin>
			<xmax>330</xmax>
			<ymax>477</ymax>
		</bndbox>
	</object>
</annotation>