<annotation>
	<folder>my-project-name</folder>
	<filename>59--18--20--15.png</filename>
	<path>/my-project-name/59--18--20--15.png</path>
	<source>
		<database>Unspecified</database>
	</source>
	<size>
		<width>861</width>
		<height>531</height>
		<depth>3</depth>
	</size>
	<object>
		<name>QR</name>
		<pose>Unspecified</pose>
		<truncated>Unspecified</truncated>
		<difficult>Unspecified</difficult>
		<bndbox>
			<xmin>412</xmin>
			<ymin>62</ymin>
			<xmax>690</xmax>
			<ymax>325</ymax>
		</bndbox>
	</object>
</annotation>