<annotation>
	<folder>my-project-name</folder>
	<filename>6-7--21--12.png</filename>
	<path>/my-project-name/6-7--21--12.png</path>
	<source>
		<database>Unspecified</database>
	</source>
	<size>
		<width>861</width>
		<height>531</height>
		<depth>3</depth>
	</size>
	<object>
		<name>ArUco</name>
		<pose>Unspecified</pose>
		<truncated>Unspecified</truncated>
		<difficult>Unspecified</difficult>
		<bndbox>
			<xmin>310</xmin>
			<ymin>106</ymin>
			<xmax>595</xmax>
			<ymax>421</ymax>
		</bndbox>
	</object>
</annotation>