<annotation>
	<folder>my-project-name</folder>
	<filename>61--13--21-16.png</filename>
	<path>/my-project-name/61--13--21-16.png</path>
	<source>
		<database>Unspecified</database>
	</source>
	<size>
		<width>861</width>
		<height>531</height>
		<depth>3</depth>
	</size>
	<object>
		<name>ArUco</name>
		<pose>Unspecified</pose>
		<truncated>Unspecified</truncated>
		<difficult>Unspecified</difficult>
		<bndbox>
			<xmin>365</xmin>
			<ymin>89</ymin>
			<xmax>567</xmax>
			<ymax>295</ymax>
		</bndbox>
	</object>
</annotation>