<annotation>
	<folder>my-project-name</folder>
	<filename>63-22--12-42.png</filename>
	<path>/my-project-name/63-22--12-42.png</path>
	<source>
		<database>Unspecified</database>
	</source>
	<size>
		<width>861</width>
		<height>531</height>
		<depth>3</depth>
	</size>
	<object>
		<name>QR</name>
		<pose>Unspecified</pose>
		<truncated>Unspecified</truncated>
		<difficult>Unspecified</difficult>
		<bndbox>
			<xmin>391</xmin>
			<ymin>175</ymin>
			<xmax>726</xmax>
			<ymax>497</ymax>
		</bndbox>
	</object>
</annotation>