<annotation>
	<folder>my-project-name</folder>
	<filename>64--10-21--23.png</filename>
	<path>/my-project-name/64--10-21--23.png</path>
	<source>
		<database>Unspecified</database>
	</source>
	<size>
		<width>861</width>
		<height>531</height>
		<depth>3</depth>
	</size>
	<object>
		<name>QR</name>
		<pose>Unspecified</pose>
		<truncated>Unspecified</truncated>
		<difficult>Unspecified</difficult>
		<bndbox>
			<xmin>202</xmin>
			<ymin>291</ymin>
			<xmax>381</xmax>
			<ymax>494</ymax>
		</bndbox>
	</object>
</annotation>