<annotation>
	<folder>my-project-name</folder>
	<filename>65--15--45--34.png</filename>
	<path>/my-project-name/65--15--45--34.png</path>
	<source>
		<database>Unspecified</database>
	</source>
	<size>
		<width>861</width>
		<height>531</height>
		<depth>3</depth>
	</size>
	<object>
		<name>QR</name>
		<pose>Unspecified</pose>
		<truncated>Unspecified</truncated>
		<difficult>Unspecified</difficult>
		<bndbox>
			<xmin>420</xmin>
			<ymin>140</ymin>
			<xmax>567</xmax>
			<ymax>330</ymax>
		</bndbox>
	</object>
</annotation>