<annotation>
	<folder>my-project-name</folder>
	<filename>66-11--4-4.png</filename>
	<path>/my-project-name/66-11--4-4.png</path>
	<source>
		<database>Unspecified</database>
	</source>
	<size>
		<width>861</width>
		<height>531</height>
		<depth>3</depth>
	</size>
	<object>
		<name>ArUco</name>
		<pose>Unspecified</pose>
		<truncated>Unspecified</truncated>
		<difficult>Unspecified</difficult>
		<bndbox>
			<xmin>110</xmin>
			<ymin>156</ymin>
			<xmax>364</xmax>
			<ymax>380</ymax>
		</bndbox>
	</object>
</annotation>