<annotation>
	<folder>my-project-name</folder>
	<filename>67-23--44-40.png</filename>
	<path>/my-project-name/67-23--44-40.png</path>
	<source>
		<database>Unspecified</database>
	</source>
	<size>
		<width>861</width>
		<height>531</height>
		<depth>3</depth>
	</size>
	<object>
		<name>ArUco</name>
		<pose>Unspecified</pose>
		<truncated>Unspecified</truncated>
		<difficult>Unspecified</difficult>
		<bndbox>
			<xmin>333</xmin>
			<ymin>82</ymin>
			<xmax>658</xmax>
			<ymax>491</ymax>
		</bndbox>
	</object>
</annotation>