<annotation>
	<folder>my-project-name</folder>
	<filename>68-36-26-37.png</filename>
	<path>/my-project-name/68-36-26-37.png</path>
	<source>
		<database>Unspecified</database>
	</source>
	<size>
		<width>861</width>
		<height>531</height>
		<depth>3</depth>
	</size>
	<object>
		<name>ArUco</name>
		<pose>Unspecified</pose>
		<truncated>Unspecified</truncated>
		<difficult>Unspecified</difficult>
		<bndbox>
			<xmin>105</xmin>
			<ymin>261</ymin>
			<xmax>406</xmax>
			<ymax>529</ymax>
		</bndbox>
	</object>
</annotation>