<annotation>
	<folder>my-project-name</folder>
	<filename>69--33-32--15.png</filename>
	<path>/my-project-name/69--33-32--15.png</path>
	<source>
		<database>Unspecified</database>
	</source>
	<size>
		<width>861</width>
		<height>531</height>
		<depth>3</depth>
	</size>
	<object>
		<name>ArUco</name>
		<pose>Unspecified</pose>
		<truncated>Unspecified</truncated>
		<difficult>Unspecified</difficult>
		<bndbox>
			<xmin>272</xmin>
			<ymin>223</ymin>
			<xmax>466</xmax>
			<ymax>428</ymax>
		</bndbox>
	</object>
</annotation>