<annotation>
	<folder>my-project-name</folder>
	<filename>70--3-6--30.png</filename>
	<path>/my-project-name/70--3-6--30.png</path>
	<source>
		<database>Unspecified</database>
	</source>
	<size>
		<width>861</width>
		<height>531</height>
		<depth>3</depth>
	</size>
	<object>
		<name>QR</name>
		<pose>Unspecified</pose>
		<truncated>Unspecified</truncated>
		<difficult>Unspecified</difficult>
		<bndbox>
			<xmin>129</xmin>
			<ymin>173</ymin>
			<xmax>438</xmax>
			<ymax>485</ymax>
		</bndbox>
	</object>
</annotation>