<annotation>
	<folder>my-project-name</folder>
	<filename>71-32--25-25.png</filename>
	<path>/my-project-name/71-32--25-25.png</path>
	<source>
		<database>Unspecified</database>
	</source>
	<size>
		<width>861</width>
		<height>531</height>
		<depth>3</depth>
	</size>
	<object>
		<name>ArUco</name>
		<pose>Unspecified</pose>
		<truncated>Unspecified</truncated>
		<difficult>Unspecified</difficult>
		<bndbox>
			<xmin>439</xmin>
			<ymin>172</ymin>
			<xmax>670</xmax>
			<ymax>370</ymax>
		</bndbox>
	</object>
</annotation>