<annotation>
	<folder>my-project-name</folder>
	<filename>72-48-31-4.png</filename>
	<path>/my-project-name/72-48-31-4.png</path>
	<source>
		<database>Unspecified</database>
	</source>
	<size>
		<width>861</width>
		<height>531</height>
		<depth>3</depth>
	</size>
	<object>
		<name>ArUco</name>
		<pose>Unspecified</pose>
		<truncated>Unspecified</truncated>
		<difficult>Unspecified</difficult>
		<bndbox>
			<xmin>101</xmin>
			<ymin>172</ymin>
			<xmax>454</xmax>
			<ymax>406</ymax>
		</bndbox>
	</object>
</annotation>