<annotation>
	<folder>my-project-name</folder>
	<filename>73-9--50--44.png</filename>
	<path>/my-project-name/73-9--50--44.png</path>
	<source>
		<database>Unspecified</database>
	</source>
	<size>
		<width>861</width>
		<height>531</height>
		<depth>3</depth>
	</size>
	<object>
		<name>ArUco</name>
		<pose>Unspecified</pose>
		<truncated>Unspecified</truncated>
		<difficult>Unspecified</difficult>
		<bndbox>
			<xmin>377</xmin>
			<ymin>224</ymin>
			<xmax>556</xmax>
			<ymax>491</ymax>
		</bndbox>
	</object>
</annotation>