<annotation>
	<folder>my-project-name</folder>
	<filename>74--49--23-6.png</filename>
	<path>/my-project-name/74--49--23-6.png</path>
	<source>
		<database>Unspecified</database>
	</source>
	<size>
		<width>861</width>
		<height>531</height>
		<depth>3</depth>
	</size>
	<object>
		<name>ArUco</name>
		<pose>Unspecified</pose>
		<truncated>Unspecified</truncated>
		<difficult>Unspecified</difficult>
		<bndbox>
			<xmin>312</xmin>
			<ymin>182</ymin>
			<xmax>567</xmax>
			<ymax>357</ymax>
		</bndbox>
	</object>
</annotation>