<annotation>
	<folder>my-project-name</folder>
	<filename>76-14--20--38.png</filename>
	<path>/my-project-name/76-14--20--38.png</path>
	<source>
		<database>Unspecified</database>
	</source>
	<size>
		<width>861</width>
		<height>531</height>
		<depth>3</depth>
	</size>
	<object>
		<name>ArUco</name>
		<pose>Unspecified</pose>
		<truncated>Unspecified</truncated>
		<difficult>Unspecified</difficult>
		<bndbox>
			<xmin>264</xmin>
			<ymin>197</ymin>
			<xmax>559</xmax>
			<ymax>502</ymax>
		</bndbox>
	</object>
</annotation>