<annotation>
	<folder>my-project-name</folder>
	<filename>78--35--22-25.png</filename>
	<path>/my-project-name/78--35--22-25.png</path>
	<source>
		<database>Unspecified</database>
	</source>
	<size>
		<width>861</width>
		<height>531</height>
		<depth>3</depth>
	</size>
	<object>
		<name>ArUco</name>
		<pose>Unspecified</pose>
		<truncated>Unspecified</truncated>
		<difficult>Unspecified</difficult>
		<bndbox>
			<xmin>452</xmin>
			<ymin>234</ymin>
			<xmax>773</xmax>
			<ymax>531</ymax>
		</bndbox>
	</object>
</annotation>