<annotation>
	<folder>my-project-name</folder>
	<filename>79-37--42--7.png</filename>
	<path>/my-project-name/79-37--42--7.png</path>
	<source>
		<database>Unspecified</database>
	</source>
	<size>
		<width>861</width>
		<height>531</height>
		<depth>3</depth>
	</size>
	<object>
		<name>QR</name>
		<pose>Unspecified</pose>
		<truncated>Unspecified</truncated>
		<difficult>Unspecified</difficult>
		<bndbox>
			<xmin>447</xmin>
			<ymin>271</ymin>
			<xmax>637</xmax>
			<ymax>426</ymax>
		</bndbox>
	</object>
</annotation>