<annotation>
	<folder>my-project-name</folder>
	<filename>8-7-5--29.png</filename>
	<path>/my-project-name/8-7-5--29.png</path>
	<source>
		<database>Unspecified</database>
	</source>
	<size>
		<width>861</width>
		<height>531</height>
		<depth>3</depth>
	</size>
	<object>
		<name>ArUco</name>
		<pose>Unspecified</pose>
		<truncated>Unspecified</truncated>
		<difficult>Unspecified</difficult>
		<bndbox>
			<xmin>94</xmin>
			<ymin>44</ymin>
			<xmax>361</xmax>
			<ymax>315</ymax>
		</bndbox>
	</object>
</annotation>