<annotation>
	<folder>my-project-name</folder>
	<filename>80--36--47--36.png</filename>
	<path>/my-project-name/80--36--47--36.png</path>
	<source>
		<database>Unspecified</database>
	</source>
	<size>
		<width>861</width>
		<height>531</height>
		<depth>3</depth>
	</size>
	<object>
		<name>ArUco</name>
		<pose>Unspecified</pose>
		<truncated>Unspecified</truncated>
		<difficult>Unspecified</difficult>
		<bndbox>
			<xmin>146</xmin>
			<ymin>79</ymin>
			<xmax>322</xmax>
			<ymax>270</ymax>
		</bndbox>
	</object>
</annotation>