<annotation>
	<folder>my-project-name</folder>
	<filename>81-29-15--36.png</filename>
	<path>/my-project-name/81-29-15--36.png</path>
	<source>
		<database>Unspecified</database>
	</source>
	<size>
		<width>861</width>
		<height>531</height>
		<depth>3</depth>
	</size>
	<object>
		<name>QR</name>
		<pose>Unspecified</pose>
		<truncated>Unspecified</truncated>
		<difficult>Unspecified</difficult>
		<bndbox>
			<xmin>354</xmin>
			<ymin>144</ymin>
			<xmax>578</xmax>
			<ymax>350</ymax>
		</bndbox>
	</object>
</annotation>