<annotation>
	<folder>my-project-name</folder>
	<filename>83--24--29--31.png</filename>
	<path>/my-project-name/83--24--29--31.png</path>
	<source>
		<database>Unspecified</database>
	</source>
	<size>
		<width>861</width>
		<height>531</height>
		<depth>3</depth>
	</size>
	<object>
		<name>ArUco</name>
		<pose>Unspecified</pose>
		<truncated>Unspecified</truncated>
		<difficult>Unspecified</difficult>
		<bndbox>
			<xmin>432</xmin>
			<ymin>201</ymin>
			<xmax>718</xmax>
			<ymax>496</ymax>
		</bndbox>
	</object>
</annotation>