<annotation>
	<folder>my-project-name</folder>
	<filename>85--33--23--7.png</filename>
	<path>/my-project-name/85--33--23--7.png</path>
	<source>
		<database>Unspecified</database>
	</source>
	<size>
		<width>861</width>
		<height>531</height>
		<depth>3</depth>
	</size>
	<object>
		<name>QR</name>
		<pose>Unspecified</pose>
		<truncated>Unspecified</truncated>
		<difficult>Unspecified</difficult>
		<bndbox>
			<xmin>187</xmin>
			<ymin>27</ymin>
			<xmax>507</xmax>
			<ymax>270</ymax>
		</bndbox>
	</object>
</annotation>