<annotation>
	<folder>my-project-name</folder>
	<filename>86-20-6-8.png</filename>
	<path>/my-project-name/86-20-6-8.png</path>
	<source>
		<database>Unspecified</database>
	</source>
	<size>
		<width>861</width>
		<height>531</height>
		<depth>3</depth>
	</size>
	<object>
		<name>ArUco</name>
		<pose>Unspecified</pose>
		<truncated>Unspecified</truncated>
		<difficult>Unspecified</difficult>
		<bndbox>
			<xmin>346</xmin>
			<ymin>138</ymin>
			<xmax>554</xmax>
			<ymax>344</ymax>
		</bndbox>
	</object>
</annotation>