<annotation>
	<folder>my-project-name</folder>
	<filename>88-12--9--48.png</filename>
	<path>/my-project-name/88-12--9--48.png</path>
	<source>
		<database>Unspecified</database>
	</source>
	<size>
		<width>861</width>
		<height>531</height>
		<depth>3</depth>
	</size>
	<object>
		<name>QR</name>
		<pose>Unspecified</pose>
		<truncated>Unspecified</truncated>
		<difficult>Unspecified</difficult>
		<bndbox>
			<xmin>322</xmin>
			<ymin>178</ymin>
			<xmax>638</xmax>
			<ymax>495</ymax>
		</bndbox>
	</object>
</annotation>