<annotation>
	<folder>my-project-name</folder>
	<filename>89-31--12--20.png</filename>
	<path>/my-project-name/89-31--12--20.png</path>
	<source>
		<database>Unspecified</database>
	</source>
	<size>
		<width>861</width>
		<height>531</height>
		<depth>3</depth>
	</size>
	<object>
		<name>ArUco</name>
		<pose>Unspecified</pose>
		<truncated>Unspecified</truncated>
		<difficult>Unspecified</difficult>
		<bndbox>
			<xmin>338</xmin>
			<ymin>181</ymin>
			<xmax>663</xmax>
			<ymax>494</ymax>
		</bndbox>
	</object>
</annotation>