<annotation>
	<folder>my-project-name</folder>
	<filename>9-2--11-13.png</filename>
	<path>/my-project-name/9-2--11-13.png</path>
	<source>
		<database>Unspecified</database>
	</source>
	<size>
		<width>861</width>
		<height>531</height>
		<depth>3</depth>
	</size>
	<object>
		<name>QR</name>
		<pose>Unspecified</pose>
		<truncated>Unspecified</truncated>
		<difficult>Unspecified</difficult>
		<bndbox>
			<xmin>310</xmin>
			<ymin>130</ymin>
			<xmax>488</xmax>
			<ymax>308</ymax>
		</bndbox>
	</object>
</annotation>