<annotation>
	<folder>my-project-name</folder>
	<filename>91-40--47-9.png</filename>
	<path>/my-project-name/91-40--47-9.png</path>
	<source>
		<database>Unspecified</database>
	</source>
	<size>
		<width>861</width>
		<height>531</height>
		<depth>3</depth>
	</size>
	<object>
		<name>QR</name>
		<pose>Unspecified</pose>
		<truncated>Unspecified</truncated>
		<difficult>Unspecified</difficult>
		<bndbox>
			<xmin>482</xmin>
			<ymin>137</ymin>
			<xmax>743</xmax>
			<ymax>327</ymax>
		</bndbox>
	</object>
</annotation>