<annotation>
	<folder>my-project-name</folder>
	<filename>92--8--49--14.png</filename>
	<path>/my-project-name/92--8--49--14.png</path>
	<source>
		<database>Unspecified</database>
	</source>
	<size>
		<width>861</width>
		<height>531</height>
		<depth>3</depth>
	</size>
	<object>
		<name>QR</name>
		<pose>Unspecified</pose>
		<truncated>Unspecified</truncated>
		<difficult>Unspecified</difficult>
		<bndbox>
			<xmin>444</xmin>
			<ymin>12</ymin>
			<xmax>668</xmax>
			<ymax>344</ymax>
		</bndbox>
	</object>
</annotation>