<annotation>
	<folder>my-project-name</folder>
	<filename>93-0-46-7.png</filename>
	<path>/my-project-name/93-0-46-7.png</path>
	<source>
		<database>Unspecified</database>
	</source>
	<size>
		<width>861</width>
		<height>531</height>
		<depth>3</depth>
	</size>
	<object>
		<name>ArUco</name>
		<pose>Unspecified</pose>
		<truncated>Unspecified</truncated>
		<difficult>Unspecified</difficult>
		<bndbox>
			<xmin>549</xmin>
			<ymin>165</ymin>
			<xmax>685</xmax>
			<ymax>335</ymax>
		</bndbox>
	</object>
</annotation>