<annotation>
	<folder>my-project-name</folder>
	<filename>94--8--36-5.png</filename>
	<path>/my-project-name/94--8--36-5.png</path>
	<source>
		<database>Unspecified</database>
	</source>
	<size>
		<width>861</width>
		<height>531</height>
		<depth>3</depth>
	</size>
	<object>
		<name>ArUco</name>
		<pose>Unspecified</pose>
		<truncated>Unspecified</truncated>
		<difficult>Unspecified</difficult>
		<bndbox>
			<xmin>261</xmin>
			<ymin>134</ymin>
			<xmax>413</xmax>
			<ymax>315</ymax>
		</bndbox>
	</object>
</annotation>