<annotation>
	<folder>my-project-name</folder>
	<filename>95--34-24-10.png</filename>
	<path>/my-project-name/95--34-24-10.png</path>
	<source>
		<database>Unspecified</database>
	</source>
	<size>
		<width>861</width>
		<height>531</height>
		<depth>3</depth>
	</size>
	<object>
		<name>ArUco</name>
		<pose>Unspecified</pose>
		<truncated>Unspecified</truncated>
		<difficult>Unspecified</difficult>
		<bndbox>
			<xmin>441</xmin>
			<ymin>178</ymin>
			<xmax>778</xmax>
			<ymax>445</ymax>
		</bndbox>
	</object>
</annotation>