<annotation>
	<folder>my-project-name</folder>
	<filename>96-44-4--32.png</filename>
	<path>/my-project-name/96-44-4--32.png</path>
	<source>
		<database>Unspecified</database>
	</source>
	<size>
		<width>861</width>
		<height>531</height>
		<depth>3</depth>
	</size>
	<object>
		<name>ArUco</name>
		<pose>Unspecified</pose>
		<truncated>Unspecified</truncated>
		<difficult>Unspecified</difficult>
		<bndbox>
			<xmin>284</xmin>
			<ymin>277</ymin>
			<xmax>555</xmax>
			<ymax>480</ymax>
		</bndbox>
	</object>
</annotation>