<annotation>
	<folder>my-project-name</folder>
	<filename>98-34-21--7.png</filename>
	<path>/my-project-name/98-34-21--7.png</path>
	<source>
		<database>Unspecified</database>
	</source>
	<size>
		<width>861</width>
		<height>531</height>
		<depth>3</depth>
	</size>
	<object>
		<name>ArUco</name>
		<pose>Unspecified</pose>
		<truncated>Unspecified</truncated>
		<difficult>Unspecified</difficult>
		<bndbox>
			<xmin>273</xmin>
			<ymin>59</ymin>
			<xmax>483</xmax>
			<ymax>220</ymax>
		</bndbox>
	</object>
</annotation>